Hostname,Filename,Created Time,Modified Time,File Size,Process Name,Process Path,Number of Times Executed,Last Run Time
INBANL-PC0EX5K3,7ZG.EXE-D9AA3A0B.pf,10/10/2017 15:53,10/10/2017 15:36,"19,662",7ZG.EXE,C:\PROGRAM FILES\7-Zip\7zG.exe,97,"10/10/2017 3:36:17 PM, 10/10/2017 2:12:31 PM, 10/10/2017 10:57:56 AM, 10/10/2017 9:45:55 AM, 10/10/2017 9:26:31 AM, 10/9/2017 11:26:02 AM, 9/29/2017 11:04:38 AM, 9/25/2017 3:46:05 PM"
INBANL-PC0EX5K3,ACRORD32.EXE-41B0A0C8.pf,10/10/2017 15:53,10/9/2017 10:16,"26,408",ACRORD32.EXE,C:\PROGRAM FILES (X86)\Adobe\ACROBAT READER DC\Reader\AcroRd32.exe,223,"10/9/2017 10:16:25 AM, 10/4/2017 5:16:34 PM, 10/2/2017 10:25:37 AM, 9/29/2017 6:15:17 PM, 9/29/2017 5:24:13 PM, 9/29/2017 11:38:09 AM, 9/28/2017 10:35:51 AM, 9/27/2017 4:01:39 PM"
INBANL-PC0EX5K3,ANALYZER.EXE-AB9E3AA9.pf,10/10/2017 15:53,6/23/2017 14:39,"4,426",ANALYZER.EXE,C:\PROGRAM FILES\PALO ALTO NETWORKS\TRAPS\ANALYZER.EXE,107,"6/23/2017 2:39:35 PM, 6/22/2017 1:00:19 PM, 6/22/2017 9:48:35 AM, 6/21/2017 9:47:23 AM, 6/20/2017 1:39:37 PM, 6/20/2017 1:15:49 PM, 6/20/2017 1:15:48 PM, 6/20/2017 12:31:22 PM"
INBANL-PC0EX5K3,APPCOMPATCACHEPARSER.EXE-3AD1673F.pf,10/10/2017 15:53,9/19/2017 14:25,"21,331",APPCOMPATCACHEPARSER.EXE,C:\Users\vigneshb\Desktop\APPCOMPATCACHEPARSER\APPCOMPATCACHEPARSER.EXE,3,"9/19/2017 2:25:29 PM, 9/19/2017 2:24:43 PM, 9/19/2017 2:23:38 PM"
INBANL-PC0EX5K3,APPLICATIONFRAMEHOST.EXE-4CE44C83.pf,10/10/2017 15:53,9/26/2017 15:21,"11,919",APPLICATIONFRAMEHOST.EXE,C:\Windows\System32\APPLICATIONFRAMEHOST.EXE,2,"9/26/2017 3:21:07 PM, 9/25/2017 12:21:20 PM"
INBANL-PC0EX5K3,ARMSVC.EXE-656BFEF9.pf,10/10/2017 15:53,10/10/2017 10:31,"4,808",ARMSVC.EXE,C:\PROGRAM FILES (X86)\COMMON FILES\Adobe\ARM\1.0\armsvc.exe,3,"10/10/2017 10:31:06 AM, 10/10/2017 10:28:41 AM, 10/10/2017 10:26:10 AM"
INBANL-PC0EX5K3,ARP.EXE-AE6635A1.pf,10/10/2017 15:53,10/9/2017 14:16,"2,539",ARP.EXE,C:\Windows\System32\ARP.EXE,1,10/9/2017 14:16
INBANL-PC0EX5K3,ATMGR.EXE-00B5EBBC.pf,10/10/2017 15:53,9/29/2017 20:22,"41,047",ATMGR.EXE,C:\PROGRAMDATA\WebEx\WebEx\T31_UMC\atmgr.exe,4,"9/29/2017 8:22:33 PM, 9/29/2017 8:11:15 PM, 9/29/2017 8:08:47 PM, 9/29/2017 7:59:13 PM"
INBANL-PC0EX5K3,AUDIODG.EXE-9848A323.pf,10/10/2017 15:53,10/10/2017 15:37,"7,041",AUDIODG.EXE,C:\Windows\System32\audiodg.exe,17,"10/10/2017 3:37:46 PM, 10/10/2017 3:20:25 PM, 10/10/2017 3:07:15 PM, 10/10/2017 2:26:00 PM, 10/10/2017 2:15:07 PM, 10/10/2017 1:30:25 PM, 10/10/2017 1:16:16 PM, 10/10/2017 12:23:38 PM"
INBANL-PC0EX5K3,BACKGROUNDTASKHOST.EXE-1B1CB635.pf,10/10/2017 15:53,10/10/2017 10:33,"17,384",BACKGROUNDTASKHOST.EXE,C:\Windows\System32\BACKGROUNDTASKHOST.EXE,3,"10/10/2017 10:33:21 AM, 10/10/2017 9:53:27 AM, 10/10/2017 9:25:10 AM"
INBANL-PC0EX5K3,BACKGROUNDTASKHOST.EXE-A309B4EE.pf,10/10/2017 15:53,10/10/2017 15:37,"11,886",BACKGROUNDTASKHOST.EXE,C:\Windows\System32\BACKGROUNDTASKHOST.EXE,4,"10/10/2017 3:37:07 PM, 10/10/2017 2:05:01 PM, 10/10/2017 9:50:32 AM, 10/10/2017 9:25:07 AM"
INBANL-PC0EX5K3,BACKGROUNDTRANSFERHOST.EXE-1511D2F8.pf,10/10/2017 15:53,10/10/2017 15:20,"13,549",BACKGROUNDTRANSFERHOST.EXE,C:\Windows\System32\BACKGROUNDTRANSFERHOST.EXE,1,10/10/2017 15:20
INBANL-PC0EX5K3,BROWSINGHISTORYVIEW.EXE-275F1166.pf,10/10/2017 15:53,10/10/2017 15:06,"6,124",BROWSINGHISTORYVIEW.EXE,C:\Users\vigneshb\Desktop\BROWSINGHISTORYVIEW-X64\BROWSINGHISTORYVIEW.EXE,3,"10/10/2017 3:06:14 PM, 10/10/2017 3:05:48 PM, 10/10/2017 2:14:54 PM"
INBANL-PC0EX5K3,BURPSUITE_FREE_WINDOWS-X64_V1-3AFC81A1.pf,10/10/2017 15:53,9/22/2017 11:25,"14,975",BURPSUITE_FREE_WINDOWS-X64_V1_7_27.EXE,C:\Vicky\Tools\BURPSUITE_FREE_WINDOWS-X64_V1_7_27.EXE,3,"9/22/2017 11:25:25 AM, 9/22/2017 11:24:39 AM, 9/22/2017 11:24:21 AM"
INBANL-PC0EX5K3,BURPSUITEFREE.EXE-CB2BE9D2.pf,10/10/2017 15:53,9/22/2017 11:30,"26,503",BURPSUITEFREE.EXE,C:\PROGRAM FILES\BURPSUITEFREE\BURPSUITEFREE.EXE,2,"9/22/2017 11:30:18 AM, 9/22/2017 11:27:37 AM"
INBANL-PC0EX5K3,CALCULATOR.EXE-E7691EC6.pf,10/10/2017 15:53,9/28/2017 14:39,"21,770",CALCULATOR.EXE,C:\PROGRAM FILES\WINDOWSAPPS\MICROSOFT.WINDOWSCALCULATOR_10.1705.1301.0_X64__8WEKYB3D8BBWE\CALCULATOR.EXE,2,"9/28/2017 2:38:55 PM, 9/28/2017 12:55:33 PM"
INBANL-PC0EX5K3,CCMDUMP.EXE-905AD6B4.pf,10/10/2017 15:53,9/26/2017 14:32,"12,024",CCMDUMP.EXE,C:\Windows\CCM\ccmdump.exe,1,9/26/2017 14:32
INBANL-PC0EX5K3,CHROME.EXE-CCF9F3F4.pf,10/10/2017 15:53,10/6/2017 13:31,"25,188",CHROME.EXE,C:\PROGRAM FILES (X86)\Google\Chrome\APPLICATION\chrome.exe,211,"10/6/2017 1:30:58 PM, 10/4/2017 9:01:05 PM, 10/4/2017 9:01:04 PM, 10/2/2017 5:23:59 PM, 10/2/2017 2:28:17 PM, 10/1/2017 6:39:14 PM, 9/30/2017 12:19:37 AM, 9/29/2017 1:15:31 PM"
INBANL-PC0EX5K3,CHROME.EXE-CCF9F3F5.pf,10/10/2017 15:53,10/10/2017 15:39,"14,344",CHROME.EXE,C:\PROGRAM FILES (X86)\Google\Chrome\APPLICATION\chrome.exe,20,"10/10/2017 3:39:48 PM, 10/10/2017 3:11:33 PM, 10/10/2017 2:12:03 PM, 10/10/2017 2:08:34 PM, 10/10/2017 1:30:29 PM, 10/10/2017 12:25:07 PM, 10/10/2017 11:47:38 AM, 10/10/2017 10:39:36 AM"
INBANL-PC0EX5K3,CHROME.EXE-CCF9F3F6.pf,10/10/2017 15:53,10/6/2017 13:31,"5,652",CHROME.EXE,C:\PROGRAM FILES (X86)\Google\Chrome\APPLICATION\chrome.exe,147,"10/6/2017 1:31:05 PM, 10/4/2017 9:01:27 PM, 10/4/2017 9:01:27 PM, 10/2/2017 2:28:25 PM, 10/1/2017 6:39:33 PM, 9/30/2017 12:19:49 AM, 9/29/2017 1:15:37 PM, 9/29/2017 11:07:16 AM"
INBANL-PC0EX5K3,CHROME.EXE-CCF9F3FC.pf,10/10/2017 15:53,10/10/2017 15:40,"13,684",CHROME.EXE,C:\PROGRAM FILES (X86)\Google\Chrome\APPLICATION\chrome.exe,8,"10/10/2017 3:39:52 PM, 10/10/2017 3:36:02 PM, 10/10/2017 2:12:10 PM, 10/10/2017 1:55:40 PM, 10/10/2017 10:57:28 AM, 10/10/2017 9:51:30 AM, 10/10/2017 9:45:14 AM, 10/10/2017 9:25:16 AM"
INBANL-PC0EX5K3,CHXSMARTSCREEN.EXE-B7E3ACE0.pf,10/10/2017 15:53,10/10/2017 10:57,"24,086",CHXSMARTSCREEN.EXE,C:\Windows\SYSTEMAPPS\MICROSOFT.WINDOWS.APPREP.CHXAPP_CW5N1H2TXYEWY\CHXSMARTSCREEN.EXE,1,10/10/2017 10:57
INBANL-PC0EX5K3,CMD.EXE-CD245F9E.pf,10/10/2017 15:53,10/10/2017 10:25,"6,494",CMD.EXE,C:\Windows\System32\cmd.exe,165,"10/10/2017 10:25:50 AM, 10/9/2017 2:15:57 PM, 10/6/2017 4:42:56 PM, 10/6/2017 4:42:56 PM, 10/6/2017 12:56:33 AM, 9/27/2017 10:11:28 AM, 9/27/2017 10:11:29 AM, 9/25/2017 7:14:12 PM"
INBANL-PC0EX5K3,COMPATTELRUNNER.EXE-93B5AB09.pf,10/10/2017 15:53,10/10/2017 9:53,"3,539",COMPATTELRUNNER.EXE,C:\Windows\System32\COMPATTELRUNNER.EXE,108,"10/10/2017 9:53:26 AM, 10/9/2017 1:08:58 PM, 10/9/2017 1:06:51 PM, 10/9/2017 12:55:01 PM, 10/9/2017 11:43:56 AM, 10/8/2017 11:13:33 AM, 10/7/2017 5:55:10 PM, 10/6/2017 3:06:16 PM"
INBANL-PC0EX5K3,CONEMU64.EXE-9FD78A20.pf,10/10/2017 15:53,10/6/2017 16:00,"12,347",CONEMU64.EXE,C:\PROGRAM FILES\ConEmu\ConEmu64.exe,30,"10/6/2017 4:00:29 PM, 9/27/2017 9:28:43 AM, 9/25/2017 3:31:16 PM, 9/15/2017 4:06:52 PM, 9/15/2017 3:11:36 PM, 9/12/2017 7:48:54 PM, 8/21/2017 2:54:19 PM, 8/8/2017 9:00:46 AM"
INBANL-PC0EX5K3,CONEMUC.EXE-E9F4E1E4.pf,10/10/2017 15:53,10/10/2017 10:46,"4,720",CONEMUC.EXE,C:\PROGRAM FILES\ConEmu\ConEmu\ConEmuC.exe,1,10/10/2017 10:46
INBANL-PC0EX5K3,CONEMUC64.EXE-E9BFB886.pf,10/10/2017 15:53,10/6/2017 16:43,"5,385",CONEMUC64.EXE,C:\PROGRAM FILES\ConEmu\ConEmu\CONEMUC64.EXE,52,"10/6/2017 4:42:55 PM, 10/6/2017 4:00:30 PM, 9/27/2017 10:11:27 AM, 9/27/2017 9:28:44 AM, 9/25/2017 3:47:01 PM, 9/25/2017 3:31:17 PM, 9/19/2017 12:09:29 PM, 9/19/2017 10:47:32 AM"
INBANL-PC0EX5K3,CONFIGSECURITYPOLICY.EXE-8E7876E6.pf,10/10/2017 15:53,10/10/2017 14:17,"9,437",CONFIGSECURITYPOLICY.EXE,C:\PROGRAM FILES\WINDOWS DEFENDER\CONFIGSECURITYPOLICY.EXE,2,"10/10/2017 2:17:00 PM, 10/10/2017 9:25:41 AM"
INBANL-PC0EX5K3,CONHOST.EXE-F98A1078.pf,10/10/2017 15:53,10/10/2017 15:52,"4,224",CONHOST.EXE,C:\Windows\System32\conhost.exe,21,"10/10/2017 3:52:50 PM, 10/10/2017 2:09:45 PM, 10/10/2017 12:28:50 PM, 10/10/2017 12:12:45 PM, 10/10/2017 10:46:51 AM, 10/10/2017 10:33:18 AM, 10/10/2017 10:33:18 AM, 10/10/2017 10:15:44 AM"
INBANL-PC0EX5K3,CONSENT.EXE-2D674CE4.pf,10/10/2017 15:53,10/10/2017 15:27,"23,349",CONSENT.EXE,C:\Windows\System32\consent.exe,162,"10/10/2017 3:27:11 PM, 10/10/2017 3:23:52 PM, 10/10/2017 3:20:28 PM, 10/10/2017 10:25:47 AM, 10/10/2017 9:50:30 AM, 10/6/2017 3:48:14 PM, 10/4/2017 5:15:15 PM, 9/27/2017 10:40:47 AM"
INBANL-PC0EX5K3,CREDENTIALUIBROKER.EXE-E9F92FD0.pf,10/10/2017 15:53,9/27/2017 17:28,"34,994",CREDENTIALUIBROKER.EXE,C:\Windows\System32\CREDENTIALUIBROKER.EXE,7,"9/27/2017 5:28:48 PM, 9/25/2017 4:23:42 PM, 9/19/2017 3:59:59 PM, 9/13/2017 3:17:28 PM, 9/11/2017 9:37:02 PM, 8/24/2017 12:42:29 PM, 8/16/2017 9:57:47 AM"
INBANL-PC0EX5K3,CSC.EXE-F6147410.pf,10/10/2017 15:53,10/10/2017 10:22,"9,156",CSC.EXE,C:\Windows\MICROSOFT.NET\FRAMEWORK\V4.0.30319\csc.exe,1,10/10/2017 10:22
INBANL-PC0EX5K3,CSCRIPT.EXE-AC3ABA62.pf,10/10/2017 15:53,10/10/2017 10:26,"7,912",CSCRIPT.EXE,C:\Windows\System32\cscript.exe,1,10/10/2017 10:26
INBANL-PC0EX5K3,CVTRES.EXE-57918086.pf,10/10/2017 15:53,10/10/2017 10:22,"3,197",CVTRES.EXE,C:\Windows\MICROSOFT.NET\FRAMEWORK\V4.0.30319\cvtres.exe,1,10/10/2017 10:22
INBANL-PC0EX5K3,CYREPORT.EXE-496713CE.pf,10/10/2017 15:53,10/10/2017 15:27,"128,939",CYREPORT.EXE,C:\PROGRAM FILES (X86)\PALO ALTO NETWORKS\Traps\cyreport.exe,10,"10/10/2017 3:27:13 PM, 10/10/2017 3:27:06 PM, 10/10/2017 3:27:01 PM, 10/10/2017 3:23:54 PM, 10/10/2017 3:23:48 PM, 10/10/2017 3:23:41 PM, 10/10/2017 9:51:59 AM, 10/10/2017 9:49:57 AM"
INBANL-PC0EX5K3,CYVERACONSOLE.EXE-0F721B0C.pf,10/10/2017 15:53,10/10/2017 15:29,"22,513",CYVERACONSOLE.EXE,C:\PROGRAM FILES\PALO ALTO NETWORKS\Traps\CYVERACONSOLE.EXE,1,10/10/2017 15:29
INBANL-PC0EX5K3,DEFRAG.EXE-22AD8A37.pf,10/10/2017 15:53,10/10/2017 9:55,"3,504",DEFRAG.EXE,C:\Windows\System32\Defrag.exe,1,10/10/2017 9:54
INBANL-PC0EX5K3,DFRGUI.EXE-9271D6BF.pf,10/10/2017 15:53,9/24/2017 1:18,"10,419",DFRGUI.EXE,C:\Windows\System32\dfrgui.exe,2,"9/24/2017 1:18:15 AM, 9/24/2017 1:18:03 AM"
INBANL-PC0EX5K3,DLLHOST.EXE-6A829A47.pf,10/10/2017 15:53,10/10/2017 15:35,"4,970",DLLHOST.EXE,C:\Windows\System32\dllhost.exe,27,"10/10/2017 3:35:46 PM, 10/10/2017 3:24:34 PM, 10/10/2017 3:20:13 PM, 10/10/2017 3:07:42 PM, 10/10/2017 2:12:11 PM, 10/10/2017 2:05:32 PM, 10/10/2017 1:30:31 PM, 10/10/2017 10:56:36 AM"
INBANL-PC0EX5K3,DLLHOST.EXE-829F390C.pf,10/10/2017 15:53,10/10/2017 15:28,"3,870",DLLHOST.EXE,C:\Windows\System32\dllhost.exe,9,"10/10/2017 3:28:37 PM, 10/10/2017 3:28:14 PM, 10/10/2017 3:27:12 PM, 10/10/2017 3:23:53 PM, 10/10/2017 3:20:29 PM, 10/10/2017 10:25:48 AM, 10/10/2017 9:51:58 AM, 10/10/2017 9:50:31 AM"
INBANL-PC0EX5K3,DLLHOST.EXE-82CF0F0F.pf,10/10/2017 15:53,10/10/2017 10:22,"4,521",DLLHOST.EXE,C:\Windows\SysWOW64\dllhost.exe,2,"10/10/2017 10:22:00 AM, 10/10/2017 10:21:41 AM"
INBANL-PC0EX5K3,DLLHOST.EXE-8E84E9F3.pf,10/10/2017 15:53,10/10/2017 15:20,"6,148",DLLHOST.EXE,C:\Windows\System32\dllhost.exe,1,10/10/2017 15:20
INBANL-PC0EX5K3,DLLHOST.EXE-CBBF30BE.pf,10/10/2017 15:53,9/25/2017 16:19,"36,877",DLLHOST.EXE,C:\Windows\System32\dllhost.exe,21,"9/25/2017 4:19:08 PM, 9/25/2017 3:49:36 PM, 9/15/2017 4:07:38 PM, 8/17/2017 5:33:51 PM, 8/14/2017 3:12:34 PM, 8/14/2017 8:07:26 AM, 8/4/2017 7:16:24 PM, 7/17/2017 10:16:22 AM"
INBANL-PC0EX5K3,DLLHOST.EXE-DE6A8B82.pf,10/10/2017 15:53,7/26/2017 11:49,"12,846",DLLHOST.EXE,C:\Windows\System32\dllhost.exe,12,"7/26/2017 11:49:14 AM, 7/22/2017 2:37:17 PM, 7/19/2017 1:09:11 PM, 7/19/2017 1:06:48 PM, 7/17/2017 12:50:16 PM, 7/12/2017 9:54:31 AM, 7/11/2017 2:24:06 PM, 6/23/2017 10:08:52 AM"
INBANL-PC0EX5K3,DLLHOST.EXE-FBCC1F5A.pf,10/10/2017 15:53,10/10/2017 15:20,"3,880",DLLHOST.EXE,C:\Windows\System32\dllhost.exe,1,10/10/2017 15:20
INBANL-PC0EX5K3,DWM.EXE-F29FE9E2.pf,10/10/2017 15:53,9/25/2017 0:34,"11,672",DWM.EXE,C:\Windows\System32\dwm.exe,1,9/25/2017 0:34
INBANL-PC0EX5K3,DXDIAG.EXE-E938457F.pf,10/10/2017 15:53,9/25/2017 12:19,"20,902",DXDIAG.EXE,C:\Windows\System32\dxdiag.exe,1,9/25/2017 12:19
INBANL-PC0EX5K3,EASEOFACCESSDIALOG.EXE-E54B6BCB.pf,10/10/2017 15:53,9/26/2017 14:26,"5,571",EASEOFACCESSDIALOG.EXE,C:\Windows\System32\EASEOFACCESSDIALOG.EXE,1,9/26/2017 14:26
INBANL-PC0EX5K3,EXCEL.EXE-9231AABD.pf,10/10/2017 15:53,10/10/2017 15:21,"45,428",EXCEL.EXE,C:\PROGRAM FILES (X86)\MICROSOFT OFFICE\root\Office16\EXCEL.EXE,341,"10/10/2017 3:20:54 PM, 10/10/2017 3:06:28 PM, 10/10/2017 2:26:38 PM, 10/10/2017 2:15:15 PM, 10/10/2017 11:42:04 AM, 10/10/2017 11:38:29 AM, 10/10/2017 10:46:20 AM, 10/9/2017 2:23:40 PM"
INBANL-PC0EX5K3,EXIFTOOL(-K).EXE-371ABAEE.pf,10/10/2017 15:53,9/29/2017 11:47,"3,742",EXIFTOOL(-K).EXE,C:\Users\vigneshb\Desktop\EXIFTOOL(-K).EXE,3,"9/29/2017 11:47:38 AM, 9/29/2017 11:47:21 AM, 9/29/2017 11:47:04 AM"
INBANL-PC0EX5K3,EXPLORER.EXE-03C49D11.pf,10/10/2017 15:53,10/10/2017 10:22,"34,798",EXPLORER.EXE,C:\Windows\explorer.exe,32,"10/10/2017 10:22:25 AM, 10/9/2017 2:18:08 PM, 10/9/2017 2:18:07 PM, 9/25/2017 7:15:45 PM, 9/25/2017 7:15:44 PM, 9/25/2017 2:42:24 PM, 9/25/2017 2:42:24 PM, 9/22/2017 10:09:56 PM"
INBANL-PC0EX5K3,EXPLORER.EXE-82BE1CD3.pf,10/10/2017 15:53,10/10/2017 10:22,"7,441",EXPLORER.EXE,C:\Windows\SysWOW64\explorer.exe,1,10/10/2017 10:22
INBANL-PC0EX5K3,FIND.EXE-7A0E8197.pf,10/10/2017 15:53,10/9/2017 14:16,"2,156",FIND.EXE,C:\Windows\System32\find.exe,2,"10/9/2017 2:16:35 PM, 10/9/2017 2:16:31 PM"
INBANL-PC0EX5K3,FIREFOX.EXE-528BC649.pf,10/10/2017 15:53,9/22/2017 11:44,"34,665",FIREFOX.EXE,C:\PROGRAM FILES (X86)\MOZILLA FIREFOX\firefox.exe,19,"9/22/2017 11:44:17 AM, 9/22/2017 11:38:30 AM, 6/22/2017 12:54:33 PM, 6/15/2017 12:59:39 PM, 6/15/2017 12:59:38 PM, 6/15/2017 12:59:35 PM, 5/25/2017 11:53:51 AM, 5/25/2017 11:53:50 AM"
INBANL-PC0EX5K3,FLASHPLAYERUPDATESERVICE.EXE-E0E5E52F.pf,10/10/2017 15:53,10/10/2017 15:41,"4,401",FLASHPLAYERUPDATESERVICE.EXE,C:\Windows\SysWOW64\Macromed\Flash\FLASHPLAYERUPDATESERVICE.EXE,37,"10/10/2017 3:41:19 PM, 10/10/2017 3:30:57 PM, 10/10/2017 3:27:42 PM, 10/10/2017 2:53:12 PM, 10/10/2017 2:41:19 PM, 10/10/2017 2:30:58 PM, 10/10/2017 2:27:43 PM, 10/10/2017 1:53:12 PM"
INBANL-PC0EX5K3,G2MLAUNCHER.EXE-1B467CC3.pf,10/10/2017 15:53,10/3/2017 19:30,"14,736",G2MLAUNCHER.EXE,C:\Users\vigneshb\AppData\Local\GOTOMEETING\7713\G2MLAUNCHER.EXE,2,"10/3/2017 7:30:12 PM, 10/2/2017 7:35:49 PM"
INBANL-PC0EX5K3,G2MLAUNCHER.EXE-237B29AE.pf,10/10/2017 15:53,6/13/2017 20:35,"16,374",G2MLAUNCHER.EXE,C:\USERS\VIGNESHB\APPDATA\LOCAL\CITRIX\GOTOMEETING\6956\G2MLAUNCHER.EXE,24,"6/13/2017 8:35:31 PM, 6/2/2017 10:15:07 AM, 5/31/2017 11:13:20 PM, 5/29/2017 11:38:00 PM, 5/25/2017 3:41:42 PM, 5/16/2017 7:16:52 PM, 5/16/2017 9:45:04 AM, 5/15/2017 7:15:26 PM"
INBANL-PC0EX5K3,G2MLAUNCHER.EXE-63846896.pf,10/10/2017 15:53,8/1/2017 20:37,"17,209",G2MLAUNCHER.EXE,C:\Users\vigneshb\AppData\Local\GOTOMEETING\7297\G2MLAUNCHER.EXE,11,"8/1/2017 8:36:57 PM, 7/31/2017 11:01:57 PM, 7/27/2017 9:08:37 AM, 7/26/2017 11:17:21 AM, 7/24/2017 10:33:21 PM, 7/24/2017 11:10:43 AM, 7/24/2017 11:08:40 AM, 7/22/2017 10:36:15 PM"
INBANL-PC0EX5K3,G2MLAUNCHER.EXE-A25DF273.pf,10/10/2017 15:53,9/8/2017 9:47,"18,347",G2MLAUNCHER.EXE,C:\Users\vigneshb\AppData\Local\GOTOMEETING\7469\G2MLAUNCHER.EXE,7,"9/8/2017 9:46:57 AM, 9/7/2017 12:00:23 PM, 9/1/2017 3:35:09 PM, 9/1/2017 3:32:37 PM, 9/1/2017 3:29:34 PM, 8/30/2017 9:32:57 PM, 8/18/2017 11:46:37 AM"
INBANL-PC0EX5K3,G2MLAUNCHER.EXE-A82F206F.pf,10/10/2017 15:53,9/21/2017 14:29,"14,831",G2MLAUNCHER.EXE,C:\Users\vigneshb\AppData\Local\Citrix\GOTOMEETING\6441\G2MLAUNCHER.EXE,95,"9/21/2017 2:29:35 PM, 9/20/2017 10:00:33 AM, 9/14/2017 4:15:34 PM, 9/12/2017 11:46:09 PM, 9/12/2017 9:02:23 PM, 9/12/2017 12:03:33 PM, 9/8/2017 10:45:30 AM, 9/7/2017 12:51:44 PM"
INBANL-PC0EX5K3,G2MLAUNCHER.EXE-AF49AFEE.pf,10/10/2017 15:53,7/11/2017 9:32,"17,421",G2MLAUNCHER.EXE,C:\USERS\VIGNESHB\APPDATA\LOCAL\CITRIX\GOTOMEETING\7155\G2MLAUNCHER.EXE,10,"7/11/2017 9:32:07 AM, 6/29/2017 8:33:51 PM, 6/28/2017 11:06:24 PM, 6/28/2017 3:18:08 PM, 6/24/2017 10:53:05 PM, 6/24/2017 9:33:42 PM, 6/20/2017 8:31:46 PM, 6/15/2017 10:00:10 AM"
INBANL-PC0EX5K3,G2MLAUNCHER.EXE-C19AE226.pf,10/10/2017 15:53,10/2/2017 20:01,"16,521",G2MLAUNCHER.EXE,C:\Users\vigneshb\AppData\Local\GOTOMEETING\7622\G2MLAUNCHER.EXE,4,"10/2/2017 8:01:09 PM, 9/22/2017 12:40:14 PM, 9/21/2017 3:01:55 PM, 9/21/2017 2:01:20 PM"
INBANL-PC0EX5K3,G2MLAUNCHER.EXE-F1030893.pf,10/10/2017 15:53,9/14/2017 16:00,"18,081",G2MLAUNCHER.EXE,C:\Users\vigneshb\AppData\Local\GOTOMEETING\7586\G2MLAUNCHER.EXE,3,"9/14/2017 4:00:16 PM, 9/12/2017 11:31:30 PM, 9/12/2017 7:31:40 PM"
INBANL-PC0EX5K3,G2MSTART.EXE-00959A1F.pf,10/10/2017 15:53,9/14/2017 16:00,"13,042",G2MSTART.EXE,C:\Users\vigneshb\AppData\Local\GOTOMEETING\7586\g2mstart.exe,3,"9/14/2017 4:00:13 PM, 9/12/2017 11:31:28 PM, 9/12/2017 7:31:37 PM"
INBANL-PC0EX5K3,G2MSTART.EXE-2E2104FF.pf,10/10/2017 15:53,9/8/2017 9:47,"12,866",G2MSTART.EXE,C:\Users\vigneshb\AppData\Local\GOTOMEETING\7469\g2mstart.exe,7,"9/8/2017 9:46:56 AM, 9/7/2017 12:00:21 PM, 9/1/2017 3:35:08 PM, 9/1/2017 3:32:35 PM, 9/1/2017 3:29:33 PM, 8/30/2017 9:32:54 PM, 8/18/2017 11:46:35 AM"
INBANL-PC0EX5K3,G2MSTART.EXE-5A3F5DAE.pf,10/10/2017 15:53,7/31/2017 23:02,"14,365",G2MSTART.EXE,C:\USERS\VIGNESHB\APPDATA\LOCAL\CITRIX\GOTOMEETING\6871\G2MSTART.EXE,6,"7/31/2017 11:02:16 PM, 6/28/2017 11:04:14 PM, 5/9/2017 10:30:43 PM, 5/9/2017 9:06:24 PM, 5/5/2017 9:56:41 PM, 5/1/2017 10:37:23 AM"
INBANL-PC0EX5K3,G2MSTART.EXE-9548A68A.pf,10/10/2017 15:53,8/1/2017 20:37,"13,883",G2MSTART.EXE,C:\Users\vigneshb\AppData\Local\GOTOMEETING\7297\g2mstart.exe,14,"8/1/2017 8:36:55 PM, 8/1/2017 10:36:07 AM, 7/31/2017 11:01:55 PM, 7/27/2017 9:08:35 AM, 7/26/2017 11:17:20 AM, 7/24/2017 10:33:19 PM, 7/24/2017 11:10:42 AM, 7/24/2017 11:10:37 AM"
INBANL-PC0EX5K3,G2MSTART.EXE-AB392B9A.pf,10/10/2017 15:53,10/2/2017 20:01,"16,392",G2MSTART.EXE,C:\Users\vigneshb\AppData\Local\GOTOMEETING\7622\g2mstart.exe,19,"10/2/2017 8:01:01 PM, 9/28/2017 10:26:59 AM, 9/28/2017 10:01:14 AM, 9/27/2017 9:46:36 PM, 9/27/2017 4:02:24 PM, 9/27/2017 2:05:37 PM, 9/27/2017 11:02:13 AM, 9/26/2017 3:17:22 PM"
INBANL-PC0EX5K3,G2MSTART.EXE-C21634CF.pf,10/10/2017 15:53,10/9/2017 9:55,"14,917",G2MSTART.EXE,C:\Users\vigneshb\AppData\Local\GOTOMEETING\7713\g2mstart.exe,12,"10/9/2017 9:55:48 AM, 10/6/2017 2:01:40 PM, 10/6/2017 12:27:21 AM, 10/5/2017 6:28:17 PM, 10/5/2017 6:24:05 PM, 10/4/2017 9:43:56 AM, 10/4/2017 9:31:51 AM, 10/3/2017 7:30:07 PM"
INBANL-PC0EX5K3,G2MSTART.EXE-DF4842E2.pf,10/10/2017 15:53,6/13/2017 20:35,"14,955",G2MSTART.EXE,C:\USERS\VIGNESHB\APPDATA\LOCAL\CITRIX\GOTOMEETING\6956\G2MSTART.EXE,24,"6/13/2017 8:35:29 PM, 6/2/2017 10:15:04 AM, 5/31/2017 11:13:17 PM, 5/29/2017 11:37:58 PM, 5/25/2017 3:41:39 PM, 5/16/2017 7:16:51 PM, 5/16/2017 9:45:03 AM, 5/15/2017 7:15:24 PM"
INBANL-PC0EX5K3,G2MSTART.EXE-E0C9F722.pf,10/10/2017 15:53,7/11/2017 9:32,"14,031",G2MSTART.EXE,C:\USERS\VIGNESHB\APPDATA\LOCAL\CITRIX\GOTOMEETING\7155\G2MSTART.EXE,17,"7/11/2017 9:32:05 AM, 6/29/2017 8:33:48 PM, 6/29/2017 4:29:42 PM, 6/28/2017 11:06:23 PM, 6/28/2017 11:04:06 PM, 6/28/2017 11:01:17 PM, 6/28/2017 3:18:06 PM, 6/28/2017 3:03:02 PM"
INBANL-PC0EX5K3,G2MSTART.EXE-EFACDD1B.pf,10/10/2017 15:53,9/21/2017 15:01,"14,823",G2MSTART.EXE,C:\Users\vigneshb\AppData\Local\Citrix\GOTOMEETING\6441\g2mstart.exe,220,"9/21/2017 3:01:34 PM, 9/21/2017 2:29:31 PM, 9/21/2017 2:00:56 PM, 9/20/2017 10:30:59 AM, 9/20/2017 10:00:17 AM, 9/14/2017 4:15:31 PM, 9/14/2017 3:58:11 PM, 9/13/2017 3:31:04 PM"
INBANL-PC0EX5K3,G2MTRANSCODER.EXE-849273B6.pf,10/10/2017 15:53,7/19/2017 14:17,"8,310",G2MTRANSCODER.EXE,C:\Users\vigneshb\AppData\Local\Citrix\GOTOMEETING\6441\G2MTRANSCODER.EXE,11,"7/19/2017 2:17:09 PM, 7/14/2017 3:25:23 PM, 7/11/2017 2:57:32 PM, 6/29/2017 5:15:55 PM, 6/19/2017 3:33:42 PM, 5/11/2017 3:21:47 PM, 5/10/2017 3:53:55 PM, 5/9/2017 4:20:39 PM"
INBANL-PC0EX5K3,G2MUI.EXE-20D023FB.pf,10/10/2017 15:53,9/20/2017 10:31,"28,346",G2MUI.EXE,C:\Users\vigneshb\AppData\Local\Citrix\GOTOMEETING\6441\g2mui.exe,76,"9/20/2017 10:31:30 AM, 9/13/2017 3:31:17 PM, 9/13/2017 10:09:05 AM, 9/11/2017 2:32:16 PM, 9/8/2017 10:48:59 PM, 8/23/2017 1:31:29 PM, 8/21/2017 3:31:14 PM, 8/18/2017 9:32:57 PM"
INBANL-PC0EX5K3,G2MUI.EXE-3371AC0F.pf,10/10/2017 15:53,10/9/2017 9:57,"31,737",G2MUI.EXE,C:\Users\vigneshb\AppData\Local\GOTOMEETING\7713\g2mui.exe,9,"10/9/2017 9:57:17 AM, 10/6/2017 2:02:17 PM, 10/6/2017 12:27:48 AM, 10/5/2017 6:28:56 PM, 10/5/2017 6:24:53 PM, 10/4/2017 9:44:20 AM, 10/4/2017 9:33:07 AM, 10/3/2017 7:30:26 PM"
INBANL-PC0EX5K3,G2MUI.EXE-44A81072.pf,10/10/2017 15:53,8/1/2017 21:46,"26,606",G2MUI.EXE,C:\Users\vigneshb\AppData\Local\GOTOMEETING\7297\g2mui.exe,21,"8/1/2017 9:46:48 PM, 8/1/2017 8:37:07 PM, 8/1/2017 10:35:51 AM, 8/1/2017 9:19:12 AM, 7/31/2017 11:39:05 PM, 7/31/2017 11:03:15 PM, 7/27/2017 9:43:07 AM, 7/27/2017 9:08:48 AM"
INBANL-PC0EX5K3,G2MUI.EXE-4B378502.pf,10/10/2017 15:53,9/28/2017 10:27,"33,639",G2MUI.EXE,C:\Users\vigneshb\AppData\Local\GOTOMEETING\7622\g2mui.exe,13,"9/28/2017 10:27:24 AM, 9/28/2017 10:01:56 AM, 9/27/2017 9:47:04 PM, 9/27/2017 4:02:54 PM, 9/27/2017 2:05:45 PM, 9/27/2017 11:02:50 AM, 9/25/2017 7:02:12 PM, 9/22/2017 9:03:13 PM"
INBANL-PC0EX5K3,G2MUI.EXE-4E775EDF.pf,10/10/2017 15:53,9/12/2017 23:31,"27,982",G2MUI.EXE,C:\Users\vigneshb\AppData\Local\GOTOMEETING\7586\g2mui.exe,2,"9/12/2017 11:31:40 PM, 9/12/2017 7:31:51 PM"
INBANL-PC0EX5K3,G2MUI.EXE-5A116272.pf,10/10/2017 15:53,4/25/2017 22:58,"28,349",G2MUI.EXE,C:\USERS\VIGNESHB\APPDATA\LOCAL\CITRIX\GOTOMEETING\6749\G2MUI.EXE,19,"4/25/2017 10:58:17 PM, 4/25/2017 10:35:18 PM, 4/25/2017 10:08:54 AM, 4/25/2017 9:30:21 AM, 4/18/2017 11:13:03 PM, 4/18/2017 10:54:42 PM, 4/14/2017 10:00:33 AM, 4/13/2017 11:43:04 PM"
INBANL-PC0EX5K3,G2MUI.EXE-5FA8C2BF.pf,10/10/2017 15:53,9/8/2017 9:47,"30,810",G2MUI.EXE,C:\Users\vigneshb\AppData\Local\GOTOMEETING\7469\g2mui.exe,6,"9/8/2017 9:47:06 AM, 9/7/2017 12:00:35 PM, 9/1/2017 3:35:18 PM, 9/1/2017 3:29:43 PM, 8/30/2017 9:33:08 PM, 8/18/2017 11:46:47 AM"
INBANL-PC0EX5K3,G2MUI.EXE-6B19004A.pf,10/10/2017 15:53,7/11/2017 10:15,"27,004",G2MUI.EXE,C:\USERS\VIGNESHB\APPDATA\LOCAL\CITRIX\GOTOMEETING\7155\G2MUI.EXE,29,"7/11/2017 10:15:46 AM, 7/11/2017 9:32:38 AM, 6/29/2017 10:04:24 PM, 6/29/2017 8:34:04 PM, 6/29/2017 4:29:31 PM, 6/29/2017 10:58:29 AM, 6/28/2017 11:27:50 PM, 6/28/2017 11:06:46 PM"
INBANL-PC0EX5K3,G2MUI.EXE-EAA88E0A.pf,10/10/2017 15:53,6/13/2017 21:50,"29,034",G2MUI.EXE,C:\USERS\VIGNESHB\APPDATA\LOCAL\CITRIX\GOTOMEETING\6956\G2MUI.EXE,45,"6/13/2017 9:50:18 PM, 6/13/2017 8:35:45 PM, 6/2/2017 10:40:55 AM, 6/2/2017 10:15:19 AM, 5/31/2017 11:34:29 PM, 5/31/2017 11:13:45 PM, 5/30/2017 1:15:02 AM, 5/29/2017 11:38:13 PM"
INBANL-PC0EX5K3,G2MUPDATE.EXE-303C3697.pf,10/10/2017 15:53,10/10/2017 15:32,"18,264",G2MUPDATE.EXE,C:\Users\vigneshb\AppData\Local\GOTOMEETING\7716\G2MUPDATE.EXE,10,"10/10/2017 3:32:01 PM, 10/10/2017 2:32:01 PM, 10/10/2017 1:32:01 PM, 10/10/2017 12:32:01 PM, 10/10/2017 11:32:01 AM, 10/10/2017 10:32:01 AM, 10/10/2017 9:32:01 AM, 10/10/2017 9:24:48 AM"
INBANL-PC0EX5K3,G2MUPLOAD.EXE-58887CD9.pf,10/10/2017 15:53,10/10/2017 15:05,"12,470",G2MUPLOAD.EXE,C:\Users\vigneshb\AppData\Local\GOTOMEETING\7716\G2MUPLOAD.EXE,5,"10/10/2017 3:05:01 PM, 10/10/2017 1:05:01 PM, 10/10/2017 11:05:00 AM, 10/10/2017 9:24:42 AM, 10/9/2017 1:05:01 PM"
INBANL-PC0EX5K3,GOOGLEUPDATE.EXE-62E5E10F.pf,10/10/2017 15:53,10/10/2017 14:31,"10,231",GOOGLEUPDATE.EXE,C:\PROGRAM FILES (X86)\Google\Update\GOOGLEUPDATE.EXE,3,"10/10/2017 2:31:21 PM, 10/10/2017 9:25:16 AM, 10/9/2017 2:52:06 PM"
INBANL-PC0EX5K3,GOTO OPENER.EXE-6692B337.pf,10/10/2017 15:53,9/27/2017 14:05,"15,307",GOTO OPENER.EXE,C:\Users\vigneshb\AppData\Local\GOTO OPENER\GOTO OPENER.EXE,4,"9/27/2017 2:05:33 PM, 9/22/2017 10:47:49 AM, 8/4/2017 12:36:18 PM, 8/4/2017 12:09:28 PM"
INBANL-PC0EX5K3,GOTOMEETING MESSENGER.EXE-04FECB18.pf,10/10/2017 15:53,7/12/2017 9:28,"22,250",GOTOMEETING MESSENGER.EXE,C:\USERS\VIGNESHB\APPDATA\LOCAL\GOTOMEETINGMESSENGER\APP-2.3.0\GOTOMEETING MESSENGER.EXE,13,"7/12/2017 9:28:43 AM, 6/29/2017 8:33:16 PM, 6/29/2017 4:29:36 PM, 6/28/2017 11:06:37 PM, 6/28/2017 11:04:01 PM, 6/28/2017 11:01:07 PM, 6/28/2017 3:02:02 PM, 6/27/2017 8:32:42 PM"
INBANL-PC0EX5K3,GOTOMEETING MESSENGER.EXE-9B1245B7.pf,10/10/2017 15:53,10/9/2017 9:56,"22,256",GOTOMEETING MESSENGER.EXE,C:\Users\vigneshb\AppData\Local\GOTOMEETINGMESSENGER\APP-2.5.1\GOTOMEETING MESSENGER.EXE,19,"10/9/2017 9:55:57 AM, 10/6/2017 2:01:51 PM, 10/6/2017 12:27:27 AM, 10/5/2017 6:28:23 PM, 10/5/2017 6:24:17 PM, 10/4/2017 9:44:02 AM, 10/4/2017 9:31:59 AM, 10/3/2017 7:29:06 PM"
INBANL-PC0EX5K3,GOTOMEETING MESSENGER.EXE-B60348F2.pf,10/10/2017 15:53,9/22/2017 11:37,"33,677",GOTOMEETING MESSENGER.EXE,C:\USERS\VIGNESHB\APPDATA\LOCAL\GOTOMEETINGMESSENGER\APP-2.4.1\GOTOMEETING MESSENGER.EXE,14,"9/22/2017 11:36:57 AM, 9/7/2017 11:59:16 AM, 8/17/2017 5:32:19 PM, 8/12/2017 10:09:27 PM, 8/10/2017 9:47:51 AM, 8/4/2017 7:25:25 PM, 8/4/2017 12:30:00 PM, 8/1/2017 10:35:57 AM"
INBANL-PC0EX5K3,GOTOMEETING MESSENGER.EXE-CF1CC4A2.pf,10/10/2017 15:53,9/22/2017 11:35,"31,444",GOTOMEETING MESSENGER.EXE,C:\Users\vigneshb\AppData\Local\GOTOMEETINGMESSENGER\APP-2.5.0\GOTOMEETING MESSENGER.EXE,9,"9/22/2017 11:35:19 AM, 9/22/2017 10:39:57 AM, 9/22/2017 10:38:51 AM, 9/21/2017 8:31:46 PM, 9/20/2017 10:00:53 AM, 9/12/2017 12:04:11 PM, 9/8/2017 10:48:44 PM, 9/8/2017 9:46:26 AM"
INBANL-PC0EX5K3,GPSCRIPT.EXE-2A4D087E.pf,10/10/2017 15:53,10/10/2017 10:33,"2,776",GPSCRIPT.EXE,C:\Windows\System32\gpscript.exe,1,10/10/2017 10:33
INBANL-PC0EX5K3,GPUPDATE.EXE-AD7738E4.pf,10/10/2017 15:53,10/10/2017 15:52,"3,243",GPUPDATE.EXE,C:\Windows\System32\gpupdate.exe,"2,128","10/10/2017 3:52:49 PM, 10/10/2017 2:09:45 PM, 10/10/2017 12:28:50 PM, 10/10/2017 12:12:45 PM, 10/10/2017 10:46:50 AM, 10/10/2017 10:33:17 AM, 10/10/2017 10:33:17 AM, 10/10/2017 10:15:44 AM"
INBANL-PC0EX5K3,GUP.EXE-7F7956CE.pf,10/10/2017 15:53,9/29/2017 10:21,"9,090",GUP.EXE,C:\PROGRAM FILES\NOTEPAD++\updater\GUP.exe,7,"9/29/2017 10:21:38 AM, 9/14/2017 9:58:47 AM, 8/11/2017 1:39:16 PM, 7/27/2017 8:15:01 AM, 7/10/2017 12:20:40 PM, 6/22/2017 9:12:20 PM, 6/7/2017 3:30:44 PM"
INBANL-PC0EX5K3,HH.EXE-603A5034.pf,10/10/2017 15:53,10/10/2017 9:52,"18,272",HH.EXE,C:\Windows\hh.exe,1,10/10/2017 9:52
INBANL-PC0EX5K3,HXD.EXE-1171914B.pf,10/10/2017 15:53,5/13/2017 14:06,"9,533",HXD.EXE,C:\PROGRAM FILES (X86)\HxD\HxD.exe,18,"5/13/2017 2:05:58 PM, 5/13/2017 1:30:41 PM, 5/13/2017 1:23:15 PM, 5/12/2017 12:42:55 AM, 5/11/2017 9:32:11 PM, 5/11/2017 2:59:56 PM, 5/11/2017 12:36:48 PM, 5/11/2017 12:34:26 PM"
INBANL-PC0EX5K3,IEXPLORE.EXE-7A9337F2.pf,10/10/2017 15:53,10/4/2017 17:08,"32,845",IEXPLORE.EXE,C:\PROGRAM FILES\INTERNET EXPLORER\iexplore.exe,15,"10/4/2017 5:08:35 PM, 10/2/2017 7:08:45 PM, 8/18/2017 3:15:59 PM, 8/12/2017 12:27:44 PM, 7/28/2017 9:35:01 AM, 7/26/2017 11:41:04 AM, 7/14/2017 2:54:23 PM, 7/11/2017 9:05:54 AM"
INBANL-PC0EX5K3,IEXPLORE.EXE-F4FB5D2F.pf,10/10/2017 15:53,10/4/2017 17:08,"60,088",IEXPLORE.EXE,C:\PROGRAM FILES (X86)\INTERNET EXPLORER\iexplore.exe,18,"10/4/2017 5:08:41 PM, 10/4/2017 5:08:37 PM, 10/2/2017 7:08:50 PM, 8/18/2017 3:16:00 PM, 8/12/2017 12:30:37 PM, 8/12/2017 12:27:56 PM, 7/28/2017 9:35:02 AM, 7/26/2017 11:41:05 AM"
INBANL-PC0EX5K3,IGFXTRAY.EXE-21BDFE68.pf,10/10/2017 15:53,10/10/2017 13:30,"6,701",IGFXTRAY.EXE,C:\Windows\System32\igfxTray.exe,52,"10/10/2017 1:30:26 PM, 10/10/2017 10:30:20 AM, 10/10/2017 10:30:19 AM, 10/10/2017 9:24:49 AM, 10/9/2017 3:03:55 PM, 10/9/2017 12:54:52 PM, 10/9/2017 11:51:29 AM, 10/9/2017 11:25:35 AM"
INBANL-PC0EX5K3,INSTALLAGENT.EXE-B12D0F30.pf,10/10/2017 15:53,10/10/2017 15:41,"6,934",INSTALLAGENT.EXE,C:\Windows\System32\INSTALLAGENT.EXE,9,"10/10/2017 3:41:42 PM, 10/10/2017 1:41:37 PM, 10/10/2017 12:48:28 PM, 10/10/2017 11:41:31 AM, 10/10/2017 9:53:32 AM, 10/10/2017 9:41:25 AM, 10/10/2017 9:27:44 AM, 10/9/2017 1:25:49 PM"
INBANL-PC0EX5K3,INSTALLAGENTUSERBROKER.EXE-54666794.pf,10/10/2017 15:53,10/10/2017 15:41,"4,954",INSTALLAGENTUSERBROKER.EXE,C:\Windows\System32\INSTALLAGENTUSERBROKER.EXE,6,"10/10/2017 3:41:43 PM, 10/10/2017 1:41:37 PM, 10/10/2017 11:41:32 AM, 10/10/2017 9:41:26 AM, 10/10/2017 9:27:50 AM, 10/9/2017 1:20:46 PM"
INBANL-PC0EX5K3,IPCONFIG.EXE-EEA91845.pf,10/10/2017 15:53,10/9/2017 14:16,"3,085",IPCONFIG.EXE,C:\Windows\System32\ipconfig.exe,2,"10/9/2017 2:16:29 PM, 10/9/2017 2:16:28 PM"
INBANL-PC0EX5K3,LNK_PARSER_CMD.EXE-4E1D25A3.pf,10/10/2017 15:53,10/10/2017 10:46,"10,939",LNK_PARSER_CMD.EXE,C:\Users\vigneshb\Desktop\LNK_PARSER_CMD.EXE,1,10/10/2017 10:46
INBANL-PC0EX5K3,LOCKAPP.EXE-D4405A5F.pf,10/10/2017 15:53,10/10/2017 15:50,"22,625",LOCKAPP.EXE,C:\Windows\SYSTEMAPPS\MICROSOFT.LOCKAPP_CW5N1H2TXYEWY\LockApp.exe,"1,116","10/10/2017 3:50:09 PM, 10/10/2017 2:27:42 PM, 10/10/2017 1:16:57 PM, 10/10/2017 12:37:55 PM, 10/10/2017 12:04:39 PM, 10/10/2017 11:17:50 AM, 10/10/2017 10:28:34 AM, 10/10/2017 9:52:21 AM"
INBANL-PC0EX5K3,LOCKAPPHOST.EXE-6989C562.pf,10/10/2017 15:53,10/10/2017 15:50,"13,769",LOCKAPPHOST.EXE,C:\Windows\System32\LOCKAPPHOST.EXE,990,"10/10/2017 3:50:07 PM, 10/10/2017 2:27:40 PM, 10/10/2017 1:16:55 PM, 10/10/2017 12:37:53 PM, 10/10/2017 12:04:37 PM, 10/10/2017 11:17:47 AM, 10/10/2017 10:28:31 AM, 10/10/2017 9:52:20 AM"
INBANL-PC0EX5K3,LOGONUI.EXE-E35F76FB.pf,10/10/2017 15:53,10/10/2017 15:50,"30,471",LOGONUI.EXE,C:\Windows\System32\LogonUI.exe,"1,020","10/10/2017 3:50:07 PM, 10/10/2017 2:27:39 PM, 10/10/2017 1:16:53 PM, 10/10/2017 12:37:51 PM, 10/10/2017 12:04:36 PM, 10/10/2017 11:17:46 AM, 10/10/2017 10:28:30 AM, 10/10/2017 9:52:19 AM"
INBANL-PC0EX5K3,LPLATSVC.EXE-37CF4EEF.pf,10/10/2017 15:53,10/10/2017 15:52,"4,749",LPLATSVC.EXE,C:\Windows\System32\LPlatSvc.exe,22,"10/10/2017 3:52:11 PM, 10/10/2017 3:50:07 PM, 10/10/2017 3:01:58 PM, 10/10/2017 2:27:39 PM, 10/10/2017 2:05:05 PM, 10/10/2017 1:16:54 PM, 10/10/2017 1:06:52 PM, 10/10/2017 12:37:52 PM"
INBANL-PC0EX5K3,MICROSOFT.CONFIGURATIONMANAGE-EFA862E6.pf,10/10/2017 15:53,9/21/2017 11:25,"90,207",MICROSOFT.CONFIGURATIONMANAGEMENT.EXE,C:\PROGRAM FILES (X86)\MICROSOFT CONFIGURATION MANAGER\ADMINCONSOLE\bin\MICROSOFT.CONFIGURATIONMANAGEMENT.EXE,10,"9/21/2017 11:25:39 AM, 9/20/2017 11:41:16 AM, 9/20/2017 11:34:38 AM, 9/20/2017 11:33:41 AM, 9/13/2017 3:21:34 PM, 9/13/2017 3:19:10 PM, 7/17/2017 2:10:56 PM, 7/17/2017 1:45:03 PM"
INBANL-PC0EX5K3,MICROSOFT.PHOTOS.EXE-79C57EB5.pf,10/10/2017 15:53,7/8/2017 12:14,"68,031",MICROSOFT.PHOTOS.EXE,C:\PROGRAM FILES\WINDOWSAPPS\MICROSOFT.WINDOWS.PHOTOS_2017.18062.12990.0_X64__8WEKYB3D8BBWE\MICROSOFT.PHOTOS.EXE,13,"7/8/2017 12:14:39 PM, 7/6/2017 8:41:39 AM, 7/6/2017 8:18:02 AM, 7/6/2017 8:04:17 AM, 7/6/2017 8:03:05 AM, 7/6/2017 8:02:29 AM, 7/6/2017 8:01:51 AM, 7/6/2017 8:00:12 AM"
INBANL-PC0EX5K3,MICROSOFT.STICKYNOTES.EXE-CBAD00BE.pf,10/10/2017 15:53,9/26/2017 15:17,"43,910",MICROSOFT.STICKYNOTES.EXE,C:\PROGRAM FILES\WINDOWSAPPS\MICROSOFT.MICROSOFTSTICKYNOTES_1.8.0.0_X64__8WEKYB3D8BBWE\MICROSOFT.STICKYNOTES.EXE,17,"9/26/2017 3:17:05 PM, 9/25/2017 12:59:34 PM, 9/20/2017 10:00:25 AM, 9/12/2017 12:02:51 PM, 8/17/2017 5:31:40 PM, 8/12/2017 9:57:07 AM, 8/1/2017 9:31:54 PM, 7/26/2017 2:32:45 PM"
INBANL-PC0EX5K3,MICROSOFTEDGE.EXE-53883759.pf,10/10/2017 15:53,10/8/2017 8:49,"42,605",MICROSOFTEDGE.EXE,C:\Windows\SYSTEMAPPS\MICROSOFT.MICROSOFTEDGE_8WEKYB3D8BBWE\MICROSOFTEDGE.EXE,103,"10/8/2017 8:49:45 AM, 10/6/2017 4:49:13 PM, 10/4/2017 9:34:29 AM, 10/3/2017 1:09:20 PM, 9/27/2017 3:35:09 PM, 9/27/2017 2:04:23 PM, 9/27/2017 11:46:08 AM, 9/26/2017 3:21:08 PM"
INBANL-PC0EX5K3,MICROSOFTEDGE.EXE-8AE7F178.pf,10/10/2017 15:53,5/18/2017 13:41,"39,304",MICROSOFTEDGE.EXE,C:\Windows\SYSTEMAPPS\MICROSOFT.MICROSOFTEDGE_8WEKYB3D8BBWE\MICROSOFTEDGE.EXE,74,"5/18/2017 1:41:40 PM, 5/18/2017 10:11:24 AM, 5/16/2017 12:48:40 PM, 5/15/2017 11:32:55 PM, 5/15/2017 8:20:53 PM, 5/15/2017 8:15:03 PM, 5/15/2017 8:04:20 PM, 5/15/2017 11:00:31 AM"
INBANL-PC0EX5K3,MICROSOFTEDGECP.EXE-7DDEF5B2.pf,10/10/2017 15:53,10/10/2017 10:33,"46,825",MICROSOFTEDGECP.EXE,C:\Windows\SYSTEMAPPS\MICROSOFT.MICROSOFTEDGE_8WEKYB3D8BBWE\MICROSOFTEDGECP.EXE,562,"10/10/2017 10:32:56 AM, 10/10/2017 9:26:39 AM, 10/10/2017 9:26:39 AM, 10/10/2017 9:26:38 AM, 10/9/2017 12:13:10 PM, 10/9/2017 12:06:44 PM, 10/9/2017 12:03:57 PM, 10/9/2017 12:03:47 PM"
INBANL-PC0EX5K3,MICROSOFTEDGECP.EXE-B53EAFD1.pf,10/10/2017 15:53,5/18/2017 15:23,"59,696",MICROSOFTEDGECP.EXE,C:\Windows\SYSTEMAPPS\MICROSOFT.MICROSOFTEDGE_8WEKYB3D8BBWE\MICROSOFTEDGECP.EXE,204,"5/18/2017 3:23:44 PM, 5/18/2017 2:40:07 PM, 5/18/2017 2:37:44 PM, 5/18/2017 2:22:01 PM, 5/18/2017 2:15:05 PM, 5/18/2017 2:11:20 PM, 5/18/2017 1:41:41 PM, 5/18/2017 1:24:32 PM"
INBANL-PC0EX5K3,MMC.EXE-887C1698.pf,10/10/2017 15:53,9/27/2017 10:41,"30,183",MMC.EXE,C:\Windows\System32\mmc.exe,1,9/27/2017 10:40
INBANL-PC0EX5K3,MORE.COM-B7EC4EA6.pf,10/10/2017 15:53,9/29/2017 11:47,"2,485",MORE.COM,C:\Windows\SysWOW64\more.com,2,"9/29/2017 11:47:25 AM, 9/29/2017 11:47:10 AM"
INBANL-PC0EX5K3,MPCMDRUN.EXE-6520183E.pf,10/10/2017 15:53,10/10/2017 9:24,"1,304",MPCMDRUN.EXE,C:\PROGRAM FILES\WINDOWS DEFENDER\MpCmdRun.exe,464,"10/10/2017 9:24:40 AM, 10/9/2017 9:50:14 AM, 10/8/2017 10:18:12 PM, 10/8/2017 5:16:59 PM, 10/8/2017 8:38:22 AM, 10/7/2017 9:47:05 PM, 10/7/2017 5:02:57 PM, 10/6/2017 10:56:17 PM"
INBANL-PC0EX5K3,MSASCUI.EXE-4ED47FD9.pf,10/10/2017 15:53,9/20/2017 10:02,"12,990",MSASCUI.EXE,C:\PROGRAM FILES\WINDOWS DEFENDER\MSASCui.exe,3,"9/20/2017 10:02:38 AM, 8/4/2017 9:59:07 PM, 7/26/2017 3:19:17 PM"
INBANL-PC0EX5K3,MSCORSVW.EXE-55FE3087.pf,10/10/2017 15:53,10/10/2017 9:53,"11,348",MSCORSVW.EXE,C:\Windows\MICROSOFT.NET\FRAMEWORK\V4.0.30319\mscorsvw.exe,6,"10/10/2017 9:53:48 AM, 10/10/2017 9:53:45 AM, 10/10/2017 9:53:41 AM, 10/9/2017 1:07:09 PM, 10/9/2017 1:07:07 PM, 10/9/2017 1:07:05 PM"
INBANL-PC0EX5K3,MSCORSVW.EXE-D593A5D9.pf,10/10/2017 15:53,10/10/2017 9:54,"12,875",MSCORSVW.EXE,C:\Windows\MICROSOFT.NET\FRAMEWORK64\V4.0.30319\mscorsvw.exe,6,"10/10/2017 9:53:59 AM, 10/10/2017 9:53:39 AM, 10/10/2017 9:53:35 AM, 10/9/2017 1:07:16 PM, 10/9/2017 1:07:06 PM, 10/9/2017 1:07:01 PM"
INBANL-PC0EX5K3,MSI8678.TMP-15C29EFF.pf,10/10/2017 15:53,10/10/2017 10:24,"3,883",MSI8678.TMP,C:\WINDOWS\INSTALLER\MSI8678.TMP,1,10/10/2017 10:24
INBANL-PC0EX5K3,MSIAF37.TMP-086778AB.pf,10/10/2017 15:53,10/10/2017 10:27,"3,929",MSIAF37.TMP,C:\WINDOWS\INSTALLER\MSIAF37.TMP,1,10/10/2017 10:26
INBANL-PC0EX5K3,MSIEXEC.EXE-7D20CFB0.pf,10/10/2017 15:53,10/10/2017 10:31,"9,754",MSIEXEC.EXE,C:\Windows\System32\msiexec.exe,10,"10/10/2017 10:31:46 AM, 10/10/2017 10:31:33 AM, 10/10/2017 10:31:20 AM, 10/10/2017 10:28:57 AM, 10/10/2017 10:28:49 AM, 10/10/2017 10:26:27 AM, 10/10/2017 10:26:19 AM, 10/10/2017 10:24:10 AM"
INBANL-PC0EX5K3,MSIEXEC.EXE-BAE57A74.pf,10/10/2017 15:53,10/10/2017 10:31,"10,475",MSIEXEC.EXE,C:\Windows\SysWOW64\msiexec.exe,8,"10/10/2017 10:31:50 AM, 10/10/2017 10:31:36 AM, 10/10/2017 10:31:24 AM, 10/10/2017 10:29:09 AM, 10/10/2017 10:28:52 AM, 10/10/2017 10:26:37 AM, 10/10/2017 10:26:22 AM, 10/10/2017 10:24:18 AM"
INBANL-PC0EX5K3,MSIF2D1.TMP-6E3F8A97.pf,10/10/2017 15:53,10/10/2017 10:29,"3,885",MSIF2D1.TMP,C:\WINDOWS\INSTALLER\MSIF2D1.TMP,1,10/10/2017 10:29
INBANL-PC0EX5K3,MSTSC.EXE-DE630124.pf,10/10/2017 15:53,9/13/2017 15:17,"12,562",MSTSC.EXE,C:\Windows\System32\mstsc.exe,3,"9/13/2017 3:17:14 PM, 9/11/2017 9:36:55 PM, 9/11/2017 9:35:31 PM"
INBANL-PC0EX5K3,NBTSTAT.EXE-5E9191B2.pf,10/10/2017 15:53,10/9/2017 14:16,"2,626",NBTSTAT.EXE,C:\Windows\System32\nbtstat.exe,1,10/9/2017 14:16
INBANL-PC0EX5K3,NET.EXE-61E7A54D.pf,10/10/2017 15:53,10/9/2017 14:18,"2,342",NET.EXE,C:\Windows\System32\net.exe,1,10/9/2017 14:18
INBANL-PC0EX5K3,NET1.EXE-1C88A7BA.pf,10/10/2017 15:53,10/9/2017 14:18,"2,932",NET1.EXE,C:\Windows\System32\net1.exe,1,10/9/2017 14:18
INBANL-PC0EX5K3,NETCFGNOTIFYOBJECTHOST.EXE-A0C34613.pf,10/10/2017 15:53,10/10/2017 10:33,"7,403",NETCFGNOTIFYOBJECTHOST.EXE,C:\Windows\System32\NETCFGNOTIFYOBJECTHOST.EXE,8,"10/10/2017 10:33:14 AM, 10/10/2017 10:33:05 AM, 10/10/2017 9:25:10 AM, 10/10/2017 9:25:09 AM, 10/10/2017 9:25:04 AM, 10/10/2017 9:24:57 AM, 10/10/2017 9:24:53 AM, 10/10/2017 9:24:45 AM"
INBANL-PC0EX5K3,NETMON.EXE-98851734.pf,10/10/2017 15:53,9/1/2017 15:19,"17,221",NETMON.EXE,C:\PROGRAM FILES\MICROSOFT NETWORK MONITOR 3\netmon.exe,6,"9/1/2017 3:19:17 PM, 8/21/2017 3:24:30 PM, 8/4/2017 1:42:48 PM, 8/4/2017 12:32:14 PM, 8/4/2017 12:30:46 PM, 8/4/2017 12:21:51 PM"
INBANL-PC0EX5K3,NETSTAT.EXE-34A60389.pf,10/10/2017 15:53,10/9/2017 14:16,"2,086",NETSTAT.EXE,C:\Windows\System32\NETSTAT.EXE,1,10/9/2017 14:16
INBANL-PC0EX5K3,NGEN.EXE-383F81D5.pf,10/10/2017 15:53,10/10/2017 9:53,"6,135",NGEN.EXE,C:\Windows\MICROSOFT.NET\FRAMEWORK64\V4.0.30319\ngen.exe,11,"10/10/2017 9:53:31 AM, 10/9/2017 1:07:17 PM, 10/9/2017 1:07:17 PM, 10/9/2017 1:07:15 PM, 10/9/2017 1:07:15 PM, 10/9/2017 1:07:14 PM, 10/9/2017 1:07:14 PM, 10/9/2017 1:07:13 PM"
INBANL-PC0EX5K3,NGEN.EXE-A8DBB043.pf,10/10/2017 15:53,10/10/2017 9:53,"5,219",NGEN.EXE,C:\Windows\MICROSOFT.NET\FRAMEWORK\V4.0.30319\ngen.exe,11,"10/10/2017 9:53:32 AM, 10/9/2017 1:07:28 PM, 10/9/2017 1:07:27 PM, 10/9/2017 1:07:25 PM, 10/9/2017 1:07:25 PM, 10/9/2017 1:07:24 PM, 10/9/2017 1:07:23 PM, 10/9/2017 1:07:22 PM"
INBANL-PC0EX5K3,NGENTASK.EXE-4DB88ADA.pf,10/10/2017 15:53,10/10/2017 9:58,"13,870",NGENTASK.EXE,C:\Windows\MICROSOFT.NET\FRAMEWORK\V4.0.30319\ngentask.exe,5,"10/10/2017 9:58:23 AM, 10/10/2017 9:53:29 AM, 10/9/2017 1:10:41 PM, 10/9/2017 1:06:55 PM, 10/9/2017 12:55:06 PM"
INBANL-PC0EX5K3,NGENTASK.EXE-CD4E002C.pf,10/10/2017 15:53,10/10/2017 9:55,"17,381",NGENTASK.EXE,C:\Windows\MICROSOFT.NET\FRAMEWORK64\V4.0.30319\ngentask.exe,17,"10/10/2017 9:55:41 AM, 10/10/2017 9:53:28 AM, 10/9/2017 1:06:55 PM, 10/9/2017 12:55:06 PM, 10/9/2017 11:44:03 AM, 10/8/2017 11:16:18 AM, 10/8/2017 11:13:42 AM, 10/6/2017 3:09:02 PM"
INBANL-PC0EX5K3,NOTEPAD++.EXE-0C41AC7A.pf,10/10/2017 15:53,10/10/2017 14:06,"13,918",NOTEPAD++.EXE,C:\PROGRAM FILES\NOTEPAD++\NOTEPAD++.EXE,111,"10/10/2017 2:06:45 PM, 10/10/2017 11:52:35 AM, 10/10/2017 10:22:40 AM, 10/10/2017 9:33:28 AM, 10/9/2017 2:18:24 PM, 10/9/2017 2:05:48 PM, 10/9/2017 2:02:55 PM, 10/6/2017 4:01:53 PM"
INBANL-PC0EX5K3,NOTEPAD.EXE-B28CC291.pf,10/10/2017 15:53,10/10/2017 12:24,"9,814",NOTEPAD.EXE,C:\Windows\System32\notepad.exe,143,"10/10/2017 12:24:13 PM, 10/10/2017 10:25:57 AM, 10/9/2017 11:30:46 AM, 10/9/2017 11:27:47 AM, 10/6/2017 3:57:17 PM, 10/6/2017 3:50:10 PM, 10/6/2017 3:46:15 PM, 10/5/2017 10:46:01 AM"
INBANL-PC0EX5K3,NOTEPAD.EXE-F0516D55.pf,10/10/2017 15:53,10/4/2017 17:18,"11,641",NOTEPAD.EXE,C:\Windows\SysWOW64\notepad.exe,22,"10/4/2017 5:18:24 PM, 10/4/2017 5:15:44 PM, 5/22/2017 8:40:50 PM, 5/16/2017 10:50:20 AM, 5/16/2017 10:47:35 AM, 5/15/2017 3:22:48 PM, 5/14/2017 12:48:43 AM, 5/13/2017 11:37:19 PM"
INBANL-PC0EX5K3,ONEDRIVE.EXE-80509625.pf,10/10/2017 15:53,9/26/2017 15:17,"38,486",ONEDRIVE.EXE,C:\Users\vigneshb\AppData\Local\MICROSOFT\OneDrive\OneDrive.exe,34,"9/26/2017 3:17:21 PM, 9/25/2017 12:18:24 PM, 9/22/2017 12:39:56 PM, 9/20/2017 10:00:16 AM, 9/12/2017 12:03:22 PM, 8/22/2017 8:13:02 PM, 8/21/2017 8:12:11 PM, 8/17/2017 5:32:04 PM"
INBANL-PC0EX5K3,OPENWITH.EXE-BA0DC300.pf,10/10/2017 15:53,10/6/2017 14:02,"24,673",OPENWITH.EXE,C:\Windows\System32\OpenWith.exe,55,"10/6/2017 2:02:04 PM, 10/5/2017 6:24:36 PM, 10/4/2017 9:44:10 AM, 10/4/2017 9:32:57 AM, 10/3/2017 7:29:54 PM, 9/29/2017 10:21:25 AM, 9/28/2017 10:27:14 AM, 9/27/2017 4:02:43 PM"
INBANL-PC0EX5K3,OUTLOOK.EXE-98B03581.pf,10/10/2017 15:53,10/9/2017 12:55,"46,286",OUTLOOK.EXE,C:\PROGRAM FILES (X86)\MICROSOFT OFFICE\root\Office16\OUTLOOK.EXE,241,"10/9/2017 12:55:13 PM, 10/8/2017 8:38:44 AM, 10/6/2017 2:01:38 PM, 10/5/2017 11:09:44 AM, 10/5/2017 9:02:09 AM, 10/4/2017 10:34:08 PM, 10/3/2017 11:19:18 AM, 10/3/2017 10:03:56 AM"
INBANL-PC0EX5K3,PDFSTREAMDUMPER.EXE-091EB06B.pf,10/10/2017 15:53,10/4/2017 17:16,"14,432",PDFSTREAMDUMPER.EXE,C:\PDFSTREAMDUMPER\PDFSTREAMDUMPER.EXE,1,10/4/2017 17:16
INBANL-PC0EX5K3,PDFSTREAMDUMPER_SETUP.TMP-324839A0.pf,10/10/2017 15:53,10/4/2017 17:15,"8,239",PDFSTREAMDUMPER_SETUP.TMP,C:\USERS\VIGNESHB\APPDATA\LOCAL\TEMP\IS-FT8VE.TMP\PDFSTREAMDUMPER_SETUP.TMP,1,10/4/2017 17:15
INBANL-PC0EX5K3,PDFSTREAMDUMPER_SETUP.TMP-38BBA2F0.pf,10/10/2017 15:53,10/4/2017 17:15,"8,114",PDFSTREAMDUMPER_SETUP.TMP,C:\USERS\VIGNESHB\APPDATA\LOCAL\TEMP\IS-OTD0V.TMP\PDFSTREAMDUMPER_SETUP.TMP,1,10/4/2017 17:15
INBANL-PC0EX5K3,PICKERHOST.EXE-03F09186.pf,10/10/2017 15:53,8/28/2017 16:25,"39,607",PICKERHOST.EXE,C:\Windows\System32\PICKERHOST.EXE,24,"8/28/2017 4:25:51 PM, 8/22/2017 4:31:50 PM, 8/22/2017 4:23:32 PM, 7/17/2017 10:20:02 PM, 7/13/2017 4:41:46 PM, 7/11/2017 12:04:56 PM, 7/10/2017 5:23:23 PM, 6/7/2017 6:05:42 PM"
INBANL-PC0EX5K3,PING.EXE-167FE968.pf,10/10/2017 15:53,9/27/2017 14:01,"6,397",PING.EXE,C:\Windows\System32\PING.EXE,60,"9/27/2017 2:01:13 PM, 9/27/2017 11:35:57 AM, 9/27/2017 11:30:59 AM, 9/27/2017 10:45:56 AM, 9/15/2017 3:19:21 PM, 9/13/2017 3:21:07 PM, 9/13/2017 9:48:28 AM, 8/21/2017 7:35:45 PM"
INBANL-PC0EX5K3,POLICYHOST.EXE-65358065.pf,10/10/2017 15:53,10/10/2017 10:23,"10,767",POLICYHOST.EXE,C:\PROGRAM FILES\MICROSOFT POLICY PLATFORM\POLICYHOST.EXE,2,"10/10/2017 10:23:25 AM, 10/10/2017 10:01:43 AM"
INBANL-PC0EX5K3,POWERPNT.EXE-EE0F2A13.pf,10/10/2017 15:53,10/7/2017 21:47,"50,895",POWERPNT.EXE,C:\PROGRAM FILES (X86)\MICROSOFT OFFICE\root\Office16\POWERPNT.EXE,27,"10/7/2017 9:47:32 PM, 10/7/2017 5:03:22 PM, 10/6/2017 2:42:07 PM, 10/6/2017 2:41:59 PM, 10/4/2017 10:37:18 PM, 10/4/2017 10:37:17 PM, 10/4/2017 4:24:34 PM, 10/4/2017 4:24:24 PM"
INBANL-PC0EX5K3,PRINTISOLATIONHOST.EXE-9AE42873.pf,10/10/2017 15:53,10/10/2017 15:09,"6,581",PRINTISOLATIONHOST.EXE,C:\Windows\System32\PRINTISOLATIONHOST.EXE,4,"10/10/2017 3:09:21 PM, 10/10/2017 2:25:52 PM, 10/10/2017 2:17:14 PM, 10/10/2017 10:46:59 AM"
INBANL-PC0EX5K3,PUTTY.EXE-15BFCBAD.pf,10/10/2017 15:53,7/24/2017 10:45,"6,705",PUTTY.EXE,C:\Users\vigneshb\Desktop\putty.exe,23,"7/24/2017 10:44:57 AM, 7/20/2017 2:17:34 PM, 7/13/2017 4:28:33 PM, 7/13/2017 2:27:56 PM, 7/13/2017 2:17:21 PM, 7/12/2017 3:27:44 PM, 7/12/2017 3:18:49 PM, 6/30/2017 7:32:06 PM"
INBANL-PC0EX5K3,RDRSERVICESUPDATER.EXE-3A4CFB0F.pf,10/10/2017 15:53,10/10/2017 10:29,"43,966",RDRSERVICESUPDATER.EXE,C:\PROGRAM FILES (X86)\Adobe\ACROBAT READER DC\Reader\AcroCEF\RDRSERVICESUPDATER.EXE,3,"10/10/2017 10:29:38 AM, 10/10/2017 10:27:09 AM, 10/10/2017 10:25:03 AM"
INBANL-PC0EX5K3,REDLINE.EXE-55EEA7F1.pf,10/10/2017 15:53,10/10/2017 10:13,"35,793",REDLINE.EXE,C:\PROGRAM FILES (X86)\Redline\Redline.exe,1,10/10/2017 10:13
INBANL-PC0EX5K3,REG.EXE-6A8B6960.pf,10/10/2017 15:53,10/9/2017 14:16,"2,893",REG.EXE,C:\Windows\System32\reg.exe,93,"10/9/2017 2:16:29 PM, 10/9/2017 9:57:09 AM, 10/9/2017 9:57:08 AM, 10/6/2017 2:02:07 PM, 10/6/2017 2:02:07 PM, 10/6/2017 12:27:39 AM, 10/5/2017 6:28:43 PM, 10/5/2017 6:24:40 PM"
INBANL-PC0EX5K3,REGEDIT.EXE-246AC210.pf,10/10/2017 15:53,10/10/2017 9:50,"8,479",REGEDIT.EXE,C:\Windows\regedit.exe,4,"10/10/2017 9:50:32 AM, 10/6/2017 3:48:16 PM, 9/20/2017 4:11:10 PM, 9/19/2017 2:20:37 PM"
INBANL-PC0EX5K3,RPVOIP.EXE-A74F050C.pf,10/10/2017 15:53,9/29/2017 20:02,"6,760",RPVOIP.EXE,C:\Users\vigneshb\DOWNLOADS\rpvoip.exe,1,9/29/2017 20:02
INBANL-PC0EX5K3,RUNDLL32.EXE-F02C67E1.pf,10/10/2017 15:53,7/10/2017 16:25,"6,760",RUNDLL32.EXE,C:\Windows\System32\rundll32.exe,1,7/10/2017 16:24
INBANL-PC0EX5K3,SCCLIENT.EXE-A5DA49D8.pf,10/10/2017 15:53,9/22/2017 12:44,"107,272",SCCLIENT.EXE,C:\Windows\CCM\ClientUX\SCClient.exe,18,"9/22/2017 12:44:11 PM, 9/20/2017 10:03:24 AM, 9/20/2017 9:54:27 AM, 8/17/2017 3:01:29 PM, 8/10/2017 9:19:56 AM, 7/26/2017 2:19:53 PM, 7/26/2017 9:04:02 AM, 7/10/2017 4:47:49 PM"
INBANL-PC0EX5K3,SCTOASTNOTIFICATION.EXE-F76721D7.pf,10/10/2017 15:53,10/10/2017 10:32,"17,388",SCTOASTNOTIFICATION.EXE,C:\Windows\CCM\SCTOASTNOTIFICATION.EXE,5,"10/10/2017 10:31:54 AM, 10/10/2017 10:31:42 AM, 10/10/2017 10:31:28 AM, 10/10/2017 10:31:17 AM, 10/10/2017 10:28:57 AM"
INBANL-PC0EX5K3,SEARCHFILTERHOST.EXE-10E4267C.pf,10/10/2017 15:53,10/10/2017 15:53,"4,031",SEARCHFILTERHOST.EXE,C:\Windows\System32\SEARCHFILTERHOST.EXE,74,"10/10/2017 3:53:04 PM, 10/10/2017 3:40:19 PM, 10/10/2017 3:37:52 PM, 10/10/2017 3:35:22 PM, 10/10/2017 3:27:24 PM, 10/10/2017 3:22:14 PM, 10/10/2017 3:08:20 PM, 10/10/2017 3:05:50 PM"
INBANL-PC0EX5K3,SEARCHINDEXER.EXE-EF8503D3.pf,10/10/2017 15:53,10/10/2017 10:29,"16,758",SEARCHINDEXER.EXE,C:\Windows\System32\SEARCHINDEXER.EXE,3,"10/10/2017 10:29:48 AM, 10/10/2017 10:27:23 AM, 10/10/2017 10:25:04 AM"
INBANL-PC0EX5K3,SEARCHPROTOCOLHOST.EXE-C6CFE2A8.pf,10/10/2017 15:53,10/10/2017 15:53,"5,498",SEARCHPROTOCOLHOST.EXE,C:\Windows\System32\SEARCHPROTOCOLHOST.EXE,46,"10/10/2017 3:53:04 PM, 10/10/2017 3:40:19 PM, 10/10/2017 3:35:57 PM, 10/10/2017 3:22:14 PM, 10/10/2017 3:10:18 PM, 10/10/2017 3:05:50 PM, 10/10/2017 3:03:20 PM, 10/10/2017 2:55:19 PM"
INBANL-PC0EX5K3,SEARCHPROTOCOLHOST.EXE-FCF8E58C.pf,10/10/2017 15:53,10/10/2017 15:40,"14,656",SEARCHPROTOCOLHOST.EXE,C:\Windows\SysWOW64\SEARCHPROTOCOLHOST.EXE,37,"10/10/2017 3:40:27 PM, 10/10/2017 3:35:22 PM, 10/10/2017 3:27:24 PM, 10/10/2017 3:08:17 PM, 10/10/2017 2:51:48 PM, 10/10/2017 2:15:34 PM, 10/10/2017 2:05:13 PM, 10/10/2017 1:26:27 PM"
INBANL-PC0EX5K3,SEARCHUI.EXE-C5B3850A.pf,10/10/2017 15:53,10/10/2017 14:05,"61,950",SEARCHUI.EXE,C:\Windows\SYSTEMAPPS\MICROSOFT.WINDOWS.CORTANA_CW5N1H2TXYEWY\SearchUI.exe,121,"10/10/2017 2:04:52 PM, 10/5/2017 10:04:16 AM, 10/5/2017 9:13:18 AM, 9/28/2017 2:10:50 PM, 9/28/2017 9:50:58 AM, 9/26/2017 3:17:06 PM, 9/26/2017 2:08:49 PM, 9/25/2017 1:01:02 PM"
INBANL-PC0EX5K3,SHELLEXPERIENCEHOST.EXE-0595E6B9.pf,10/10/2017 15:53,9/26/2017 15:17,"26,815",SHELLEXPERIENCEHOST.EXE,C:\Windows\SYSTEMAPPS\SHELLEXPERIENCEHOST_CW5N1H2TXYEWY\SHELLEXPERIENCEHOST.EXE,1,9/26/2017 15:17
INBANL-PC0EX5K3,SHELLEXPERIENCEHOST.EXE-9D23AA92.pf,10/10/2017 15:53,9/12/2017 12:02,"30,032",SHELLEXPERIENCEHOST.EXE,C:\Windows\SYSTEMAPPS\SHELLEXPERIENCEHOST_CW5N1H2TXYEWY\SHELLEXPERIENCEHOST.EXE,4,"9/12/2017 12:02:46 PM, 8/17/2017 5:31:40 PM, 8/4/2017 12:28:50 PM, 7/26/2017 2:32:42 PM"
INBANL-PC0EX5K3,SIHOST.EXE-F66A4D44.pf,10/10/2017 15:53,9/26/2017 15:16,"12,969",SIHOST.EXE,C:\Windows\System32\sihost.exe,20,"9/26/2017 3:16:48 PM, 9/22/2017 12:39:18 PM, 9/20/2017 9:59:39 AM, 9/12/2017 12:02:34 PM, 8/17/2017 5:31:25 PM, 8/12/2017 10:08:57 PM, 8/10/2017 9:47:16 AM, 8/4/2017 7:24:39 PM"
INBANL-PC0EX5K3,SLACK.EXE-0E4545A7.pf,10/10/2017 15:53,9/19/2017 17:16,"20,917",SLACK.EXE,C:\Users\vigneshb\AppData\Local\slack\APP-2.7.1\slack.exe,83,"9/19/2017 5:16:36 PM, 9/19/2017 3:35:22 PM, 9/19/2017 11:43:11 AM, 9/19/2017 11:38:32 AM, 9/19/2017 11:20:01 AM, 9/19/2017 11:13:54 AM, 9/19/2017 11:11:44 AM, 9/19/2017 10:50:50 AM"
INBANL-PC0EX5K3,SLACK.EXE-1F0FD957.pf,10/10/2017 15:53,10/10/2017 15:29,"20,076",SLACK.EXE,C:\Users\vigneshb\AppData\Local\slack\APP-2.8.0\slack.exe,2,"10/10/2017 3:29:10 PM, 10/10/2017 11:00:51 AM"
INBANL-PC0EX5K3,SLACK.EXE-1F0FD958.pf,10/10/2017 15:53,10/10/2017 15:29,"23,296",SLACK.EXE,C:\Users\vigneshb\AppData\Local\slack\APP-2.8.0\slack.exe,12,"10/10/2017 3:29:11 PM, 10/10/2017 3:07:35 PM, 10/10/2017 3:02:05 PM, 10/10/2017 11:00:52 AM, 10/10/2017 10:36:30 AM, 10/10/2017 10:32:44 AM, 10/10/2017 10:32:16 AM, 10/10/2017 9:33:13 AM"
INBANL-PC0EX5K3,SLACK.EXE-43EC498C.pf,10/10/2017 15:53,8/22/2017 9:46,"34,049",SLACK.EXE,C:\USERS\VIGNESHB\APPDATA\LOCAL\SLACK\APP-2.6.3\SLACK.EXE,47,"8/22/2017 9:46:23 AM, 8/11/2017 5:06:16 PM, 8/10/2017 10:47:59 AM, 8/10/2017 10:45:17 AM, 8/10/2017 10:20:54 AM, 8/10/2017 9:47:50 AM, 8/10/2017 9:47:48 AM, 8/10/2017 9:09:29 AM"
INBANL-PC0EX5K3,SLACK.EXE-709782CD.pf,10/10/2017 15:53,6/24/2017 21:33,"18,514",SLACK.EXE,C:\USERS\VIGNESHB\APPDATA\LOCAL\SLACK\APP-2.6.0\SLACK.EXE,99,"6/24/2017 9:32:47 PM, 6/23/2017 3:29:51 PM, 6/23/2017 1:03:24 PM, 6/21/2017 10:13:10 AM, 6/20/2017 5:09:52 PM, 6/20/2017 4:14:10 PM, 6/20/2017 3:48:52 PM, 6/20/2017 3:48:51 PM"
INBANL-PC0EX5K3,SLACK.EXE-A63E86B2.pf,10/10/2017 15:53,6/8/2017 15:17,"33,840",SLACK.EXE,C:\USERS\VIGNESHB\APPDATA\LOCAL\SLACK\APP-2.5.2\SLACK.EXE,89,"6/8/2017 3:16:59 PM, 5/6/2017 10:59:20 AM, 5/6/2017 10:59:16 AM, 5/6/2017 10:45:26 AM, 5/5/2017 8:47:04 PM, 5/5/2017 8:32:05 PM, 5/5/2017 2:52:22 PM, 5/5/2017 12:58:01 PM"
INBANL-PC0EX5K3,SLACK.EXE-C7D3AE12.pf,10/10/2017 15:53,9/12/2017 12:05,"34,849",SLACK.EXE,C:\USERS\VIGNESHB\APPDATA\LOCAL\SLACK\APP-2.7.0\SLACK.EXE,29,"9/12/2017 12:05:17 PM, 8/22/2017 9:45:13 AM, 8/22/2017 9:45:11 AM, 8/21/2017 12:40:05 PM, 8/21/2017 10:11:23 AM, 8/19/2017 11:25:38 AM, 8/18/2017 11:22:22 AM, 8/18/2017 10:15:29 AM"
INBANL-PC0EX5K3,SNIPPINGTOOL.EXE-74818B88.pf,10/10/2017 15:53,10/5/2017 9:22,"10,628",SNIPPINGTOOL.EXE,C:\Windows\System32\SNIPPINGTOOL.EXE,44,"10/5/2017 9:22:43 AM, 10/5/2017 8:45:06 AM, 9/27/2017 8:21:00 PM, 9/26/2017 1:02:14 PM, 9/26/2017 12:52:41 PM, 9/15/2017 11:52:14 AM, 9/8/2017 9:35:13 AM, 8/31/2017 3:53:24 PM"
INBANL-PC0EX5K3,SPLWOW64.EXE-853292E2.pf,10/10/2017 15:53,10/10/2017 15:09,"11,189",SPLWOW64.EXE,C:\Windows\splwow64.exe,34,"10/10/2017 3:09:22 PM, 10/2/2017 8:46:09 PM, 10/2/2017 10:25:16 AM, 9/29/2017 5:23:59 PM, 9/27/2017 7:30:16 PM, 9/27/2017 5:15:55 PM, 9/23/2017 1:57:38 PM, 9/23/2017 1:32:01 PM"
INBANL-PC0EX5K3,SPPSVC.EXE-7B160CA5.pf,10/10/2017 15:53,10/10/2017 15:33,"8,581",SPPSVC.EXE,C:\Windows\System32\sppsvc.exe,13,"10/10/2017 3:33:15 PM, 10/10/2017 3:20:58 PM, 10/10/2017 3:06:33 PM, 10/10/2017 2:26:46 PM, 10/10/2017 2:15:23 PM, 10/10/2017 11:42:12 AM, 10/10/2017 11:38:36 AM, 10/10/2017 10:46:28 AM"
INBANL-PC0EX5K3,SVCHOST.EXE-3830BC72.pf,10/10/2017 15:53,10/10/2017 15:41,"6,300",SVCHOST.EXE,C:\Windows\System32\svchost.exe,15,"10/10/2017 3:41:41 PM, 10/10/2017 3:12:25 PM, 10/10/2017 2:42:25 PM, 10/10/2017 2:12:25 PM, 10/10/2017 1:41:36 PM, 10/10/2017 1:12:25 PM, 10/10/2017 12:42:25 PM, 10/10/2017 12:12:25 PM"
INBANL-PC0EX5K3,SVCHOST.EXE-38BE90DD.pf,10/10/2017 15:53,10/10/2017 9:53,"5,169",SVCHOST.EXE,C:\Windows\System32\svchost.exe,3,"10/10/2017 9:53:26 AM, 10/9/2017 1:06:53 PM, 10/9/2017 12:54:56 PM"
INBANL-PC0EX5K3,SVCHOST.EXE-576FFE64.pf,10/10/2017 15:53,10/10/2017 9:55,"6,119",SVCHOST.EXE,C:\Windows\System32\svchost.exe,4,"10/10/2017 9:54:57 AM, 10/9/2017 1:09:00 PM, 10/9/2017 1:06:53 PM, 10/9/2017 12:55:04 PM"
INBANL-PC0EX5K3,SVCHOST.EXE-93798CD2.pf,10/10/2017 15:53,10/10/2017 15:52,"4,323",SVCHOST.EXE,C:\Windows\System32\svchost.exe,10,"10/10/2017 3:52:02 PM, 10/10/2017 3:01:47 PM, 10/10/2017 2:04:37 PM, 10/10/2017 1:06:41 PM, 10/10/2017 11:37:31 AM, 10/10/2017 10:33:18 AM, 10/10/2017 9:53:25 AM, 10/10/2017 9:24:43 AM"
INBANL-PC0EX5K3,SVCHOST.EXE-AB4FACF0.pf,10/10/2017 15:53,10/10/2017 9:27,"7,989",SVCHOST.EXE,C:\Windows\System32\svchost.exe,1,10/10/2017 9:27
INBANL-PC0EX5K3,SVCHOST.EXE-C0EFA7CA.pf,10/10/2017 15:53,10/10/2017 9:27,"14,023",SVCHOST.EXE,C:\Windows\System32\svchost.exe,1,10/10/2017 9:27
INBANL-PC0EX5K3,SYSTEMINFO.EXE-644FF4E7.pf,10/10/2017 15:53,10/9/2017 14:16,"4,669",SYSTEMINFO.EXE,C:\Windows\System32\SYSTEMINFO.EXE,1,10/9/2017 14:15
INBANL-PC0EX5K3,SYSTEMPROPERTIESADVANCED.EXE-E62A92DA.pf,10/10/2017 15:53,9/25/2017 15:30,"8,129",SYSTEMPROPERTIESADVANCED.EXE,C:\Windows\System32\SYSTEMPROPERTIESADVANCED.EXE,3,"9/25/2017 3:30:31 PM, 9/15/2017 4:11:03 PM, 9/15/2017 4:08:48 PM"
INBANL-PC0EX5K3,SYSTEMSETTINGSADMINFLOWS.EXE-B5F2FFDC.pf,10/10/2017 15:53,6/13/2017 14:39,"28,054",SYSTEMSETTINGSADMINFLOWS.EXE,C:\Windows\System32\SYSTEMSETTINGSADMINFLOWS.EXE,11,"6/13/2017 2:39:03 PM, 6/6/2017 3:41:46 PM, 6/6/2017 3:41:18 PM, 6/6/2017 3:41:04 PM, 5/31/2017 10:51:43 PM, 4/4/2017 12:32:58 PM, 4/4/2017 12:30:49 PM, 4/4/2017 12:30:37 PM"
INBANL-PC0EX5K3,TASKHOSTW.EXE-1EAF2222.pf,10/10/2017 15:53,10/10/2017 15:52,"14,222",TASKHOSTW.EXE,C:\Windows\System32\TASKHOSTW.EXE,37,"10/10/2017 3:52:11 PM, 10/10/2017 3:50:08 PM, 10/10/2017 3:46:37 PM, 10/10/2017 3:16:50 PM, 10/10/2017 3:01:58 PM, 10/10/2017 2:48:02 PM, 10/10/2017 2:27:40 PM, 10/10/2017 2:17:16 PM"
INBANL-PC0EX5K3,TASKLIST.EXE-2448BC7D.pf,10/10/2017 15:53,10/9/2017 14:16,"5,537",TASKLIST.EXE,C:\Windows\System32\tasklist.exe,3,"10/9/2017 2:16:20 PM, 10/9/2017 2:16:13 PM, 10/9/2017 2:16:06 PM"
INBANL-PC0EX5K3,TASKMGR.EXE-39AABA37.pf,10/10/2017 15:53,9/29/2017 20:08,"33,081",TASKMGR.EXE,C:\Windows\System32\Taskmgr.exe,32,"9/29/2017 8:08:46 PM, 9/22/2017 10:07:08 PM, 9/22/2017 2:07:32 PM, 9/22/2017 11:31:00 AM, 9/21/2017 11:33:42 AM, 9/20/2017 12:32:56 PM, 8/14/2017 6:08:48 PM, 8/10/2017 9:13:13 AM"
INBANL-PC0EX5K3,TELNET.EXE-D81D8376.pf,10/10/2017 15:53,9/28/2017 12:24,"6,674",TELNET.EXE,C:\Windows\System32\telnet.exe,13,"9/28/2017 12:24:36 PM, 9/14/2017 10:57:42 PM, 7/24/2017 10:38:34 AM, 7/24/2017 9:52:48 AM, 7/22/2017 12:27:21 PM, 7/3/2017 3:24:21 PM, 7/3/2017 2:38:34 PM, 6/28/2017 8:43:05 PM"
INBANL-PC0EX5K3,TIWORKER.EXE-F9B509EC.pf,10/10/2017 15:53,10/10/2017 9:54,"9,225",TIWORKER.EXE,C:\Windows\WinSxS\AMD64_MICROSOFT-WINDOWS-SERVICINGSTACK_31BF3856AD364E35_10.0.14393.1561_NONE_7EF6E89821F9A6BE\TiWorker.exe,3,"10/10/2017 9:54:20 AM, 10/9/2017 2:16:00 PM, 10/9/2017 1:09:31 PM"
INBANL-PC0EX5K3,TRUSTEDINSTALLER.EXE-B018CCBF.pf,10/10/2017 15:53,10/10/2017 10:40,"4,888",TRUSTEDINSTALLER.EXE,C:\Windows\SERVICING\TRUSTEDINSTALLER.EXE,4,"10/10/2017 10:40:31 AM, 10/10/2017 9:54:18 AM, 10/9/2017 2:16:00 PM, 10/9/2017 1:09:29 PM"
INBANL-PC0EX5K3,UPDATE.EXE-BA8B0279.pf,10/10/2017 15:53,10/10/2017 9:50,"18,521",UPDATE.EXE,C:\Users\vigneshb\AppData\Local\GOTOMEETINGMESSENGER\Update.exe,1,10/10/2017 9:50
INBANL-PC0EX5K3,UPDATER.EXE-928D1F7B.pf,10/10/2017 15:53,9/22/2017 11:41,"4,681",UPDATER.EXE,C:\PROGRAM FILES (X86)\MOZILLA FIREFOX\updater.exe,4,"9/22/2017 11:41:21 AM, 9/22/2017 11:39:51 AM, 9/22/2017 11:38:48 AM, 9/22/2017 11:38:35 AM"
INBANL-PC0EX5K3,UPDATETRUSTEDSITES.EXE-2341D8DD.pf,10/10/2017 15:53,10/10/2017 15:42,"6,055",UPDATETRUSTEDSITES.EXE,C:\Windows\CCM\UPDATETRUSTEDSITES.EXE,35,"10/10/2017 3:42:04 PM, 10/10/2017 3:27:03 PM, 10/10/2017 3:12:03 PM, 10/10/2017 2:57:02 PM, 10/10/2017 2:42:02 PM, 10/10/2017 2:27:01 PM, 10/10/2017 2:12:00 PM, 10/10/2017 1:56:59 PM"
INBANL-PC0EX5K3,VF_AGENT.EXE-B0EFEAB3.pf,10/10/2017 15:53,10/10/2017 15:28,"8,238",VF_AGENT.EXE,C:\PROGRAM FILES\CyberArk\ENDPOINT PRIVILEGE MANAGER\Agent\vf_agent.exe,10,"10/10/2017 3:28:36 PM, 10/10/2017 3:28:13 PM, 10/10/2017 3:27:12 PM, 10/10/2017 3:23:53 PM, 10/10/2017 3:20:29 PM, 10/10/2017 10:25:48 AM, 10/10/2017 9:51:58 AM, 10/10/2017 9:50:31 AM"
INBANL-PC0EX5K3,VF_HOST.EXE-C1D62CE3.pf,10/10/2017 15:53,10/10/2017 15:27,"5,253",VF_HOST.EXE,C:\PROGRAM FILES\CyberArk\ENDPOINT PRIVILEGE MANAGER\Agent\x32\vf_host.exe,10,"10/10/2017 3:27:13 PM, 10/10/2017 3:27:06 PM, 10/10/2017 3:27:01 PM, 10/10/2017 3:23:54 PM, 10/10/2017 3:23:47 PM, 10/10/2017 3:23:41 PM, 10/10/2017 10:46:00 AM, 10/10/2017 10:45:59 AM"
INBANL-PC0EX5K3,VF_HOST.EXE-F298AF64.pf,10/10/2017 15:53,9/26/2017 15:17,"15,023",VF_HOST.EXE,C:\PROGRAM FILES\CyberArk\ENDPOINT PRIVILEGE MANAGER\Agent\x64\vf_host.exe,35,"9/26/2017 3:17:20 PM, 9/25/2017 12:18:23 PM, 9/22/2017 12:39:55 PM, 9/20/2017 10:00:14 AM, 9/13/2017 9:48:34 AM, 9/13/2017 9:48:41 AM, 9/12/2017 12:03:15 PM, 8/17/2017 5:32:01 PM"
INBANL-PC0EX5K3,VLC.EXE-F1ED81B3.pf,10/10/2017 15:53,10/10/2017 9:27,"46,066",,,40,"10/10/2017 9:27:06 AM, 9/2/2017 9:03:10 AM, 9/2/2017 8:43:08 AM, 9/2/2017 7:26:32 AM, 9/1/2017 10:42:47 PM, 9/1/2017 10:37:49 PM, 9/1/2017 7:43:12 PM, 9/1/2017 6:44:57 PM"
INBANL-PC0EX5K3,VMWARE.EXE-B8C7D3C6.pf,10/10/2017 15:53,8/25/2017 12:06,"36,094",VMWARE.EXE,C:\PROGRAM FILES (X86)\VMware\VMWARE WORKSTATION\vmware.exe,55,"8/25/2017 12:06:45 PM, 8/20/2017 2:01:33 PM, 8/19/2017 11:29:41 AM, 8/14/2017 10:40:30 AM, 8/12/2017 8:42:44 PM, 8/5/2017 8:55:46 PM, 8/5/2017 11:09:53 AM, 8/4/2017 7:26:04 PM"
INBANL-PC0EX5K3,VPNDOWNLOADER.EXE-FDF7CFE5.pf,10/10/2017 15:53,10/6/2017 22:57,"11,228",VPNDOWNLOADER.EXE,C:\PROGRAM FILES (X86)\Cisco\CISCO ANYCONNECT SECURE MOBILITY CLIENT\VPNDOWNLOADER.EXE,47,"10/6/2017 10:57:37 PM, 10/2/2017 7:29:48 PM, 9/27/2017 9:45:35 PM, 9/11/2017 8:50:52 PM, 9/11/2017 7:37:34 AM, 8/30/2017 6:37:06 PM, 8/30/2017 6:33:49 PM, 8/16/2017 6:59:49 PM"
INBANL-PC0EX5K3,VPNUI.EXE-874974F0.pf,10/10/2017 15:53,9/26/2017 15:17,"22,947",VPNUI.EXE,C:\PROGRAM FILES (X86)\Cisco\CISCO ANYCONNECT SECURE MOBILITY CLIENT\vpnui.exe,26,"9/26/2017 3:17:33 PM, 9/25/2017 12:18:40 PM, 9/22/2017 12:40:16 PM, 9/20/2017 10:00:38 AM, 9/12/2017 12:03:55 PM, 8/17/2017 5:32:17 PM, 8/16/2017 6:59:19 PM, 8/12/2017 10:09:28 PM"
INBANL-PC0EX5K3,VSSVC.EXE-206E55B3.pf,10/10/2017 15:53,10/10/2017 9:53,"5,366",VSSVC.EXE,C:\Windows\System32\VSSVC.exe,3,"10/10/2017 9:53:25 AM, 10/9/2017 1:06:52 PM, 10/9/2017 12:54:55 PM"
INBANL-PC0EX5K3,WERMGR.EXE-D948C216.pf,10/10/2017 15:53,10/10/2017 9:42,"4,668",WERMGR.EXE,C:\Windows\System32\wermgr.exe,4,"10/10/2017 9:41:59 AM, 10/10/2017 9:41:52 AM, 10/10/2017 9:34:52 AM, 10/10/2017 9:34:52 AM"
INBANL-PC0EX5K3,WFA.EXE-F81EAB2F.pf,10/10/2017 15:53,10/10/2017 10:58,"9,637",WFA.EXE,C:\Users\vigneshb\Desktop\WFA\WFA.exe,1,10/10/2017 10:58
INBANL-PC0EX5K3,WFT.EXE-C539C173.pf,10/10/2017 15:53,10/10/2017 10:57,"4,579",WFT.EXE,C:\USERS\VIGNESHB\APPDATA\LOCAL\TEMP\TEMP1_WFT_V3.0.01_NC.ZIP\WFT.EXE,1,10/10/2017 10:57
INBANL-PC0EX5K3,WINWORD.EXE-4987BA32.pf,10/10/2017 15:53,10/9/2017 11:31,"54,148",WINWORD.EXE,C:\PROGRAM FILES (X86)\MICROSOFT OFFICE\root\Office16\WINWORD.EXE,150,"10/9/2017 11:31:31 AM, 10/6/2017 2:02:33 PM, 10/5/2017 10:41:11 AM, 10/5/2017 10:29:49 AM, 10/3/2017 1:39:56 PM, 10/2/2017 10:23:27 AM, 9/29/2017 5:21:00 PM, 9/29/2017 10:48:25 AM"
INBANL-PC0EX5K3,WIRESHARK.EXE-104DD4E0.pf,10/10/2017 15:53,9/22/2017 12:12,"29,524",WIRESHARK.EXE,C:\PROGRAM FILES\WIRESHARK\WIRESHARK.EXE,26,"9/22/2017 12:11:51 PM, 9/22/2017 11:53:53 AM, 9/1/2017 3:32:54 PM, 9/1/2017 3:18:53 PM, 9/1/2017 3:00:49 PM, 9/1/2017 2:58:36 PM, 8/10/2017 3:33:57 PM, 8/10/2017 3:23:47 PM"
INBANL-PC0EX5K3,WLRMDR.EXE-8CD26CA2.pf,10/10/2017 15:53,10/3/2017 10:02,"5,243",WLRMDR.EXE,C:\Windows\System32\wlrmdr.exe,24,"10/3/2017 10:02:10 AM, 10/2/2017 5:24:06 PM, 10/2/2017 10:22:40 AM, 10/1/2017 6:39:10 PM, 9/30/2017 11:58:40 AM, 9/30/2017 12:19:45 AM, 9/29/2017 4:19:58 PM, 9/29/2017 10:08:13 AM"
INBANL-PC0EX5K3,WMIAPSRV.EXE-CF150EEA.pf,10/10/2017 15:53,10/10/2017 14:48,"5,286",WMIAPSRV.EXE,C:\Windows\System32\wbem\WmiApSrv.exe,13,"10/10/2017 2:48:55 PM, 10/10/2017 2:46:35 PM, 10/10/2017 2:32:31 PM, 10/10/2017 2:30:10 PM, 10/10/2017 2:06:12 PM, 10/10/2017 2:06:10 PM, 10/10/2017 2:03:49 PM, 10/10/2017 1:49:49 PM"
INBANL-PC0EX5K3,WMIC.EXE-887410DD.pf,10/10/2017 15:53,10/10/2017 15:52,"7,468",WMIC.EXE,C:\Windows\System32\wbem\WMIC.exe,"1,028","10/10/2017 3:52:11 PM, 10/10/2017 3:01:58 PM, 10/10/2017 2:05:05 PM, 10/10/2017 1:06:52 PM, 10/10/2017 12:23:01 PM, 10/10/2017 11:38:02 AM, 10/10/2017 10:29:07 AM, 10/10/2017 10:13:06 AM"
INBANL-PC0EX5K3,WMIPRVSE.EXE-BB49B536.pf,10/10/2017 15:53,10/10/2017 15:46,"12,329",WMIPRVSE.EXE,C:\Windows\System32\wbem\WmiPrvSE.exe,55,"10/10/2017 3:46:46 PM, 10/10/2017 3:42:28 PM, 10/10/2017 3:31:10 PM, 10/10/2017 3:27:28 PM, 10/10/2017 3:18:39 PM, 10/10/2017 3:12:28 PM, 10/10/2017 3:06:00 PM, 10/10/2017 2:57:28 PM"
INBANL-PC0EX5K3,WSCRIPT.EXE-2D1A9206.pf,10/10/2017 15:53,10/10/2017 10:26,"11,795",WSCRIPT.EXE,C:\Windows\System32\wscript.exe,1,10/10/2017 10:26
INBANL-PC0EX5K3,XAGT.EXE-2BAB6BF6.pf,10/10/2017 15:53,10/10/2017 13:48,"37,415",XAGT.EXE,C:\Users\vigneshb\redline\x64\xagt.exe,9,"10/10/2017 1:47:54 PM, 10/10/2017 10:34:53 AM, 10/10/2017 10:34:52 AM, 10/10/2017 10:34:43 AM, 10/10/2017 10:34:32 AM, 10/10/2017 10:28:21 AM, 10/10/2017 10:28:08 AM, 10/10/2017 10:26:38 AM"
INBANL-PC0EX5K3,XCOPY.EXE-A9A4E3D9.pf,10/10/2017 15:53,10/10/2017 15:53,"4,638",XCOPY.EXE,C:\Windows\System32\xcopy.exe,1,10/10/2017 15:52
INBANL-PC0EX5K3,ZENMAP.EXE-67D83756.pf,10/10/2017 15:53,10/5/2017 9:19,"21,372",ZENMAP.EXE,C:\PROGRAM FILES (X86)\Nmap\zenmap.exe,9,"10/5/2017 9:19:49 AM, 10/5/2017 9:19:42 AM, 9/28/2017 12:09:20 PM, 8/22/2017 2:13:41 PM, 8/17/2017 2:02:30 PM, 8/16/2017 12:02:09 PM, 7/24/2017 4:53:47 PM, 7/24/2017 12:08:04 PM"
