Hostname,ControlSet,CacheEntryPosition,Path,LastModifiedTimeUTC,Executed
INBANL-PC0EX5K3,1,0,C:\WINDOWS\CCM\CCMDump.exe,2/27/2017 23:30,NA
INBANL-PC0EX5K3,1,1,C:\Program Files\Wireshark\vcredist_x64.exe,8/26/2016 6:43,NA
INBANL-PC0EX5K3,1,2,C:\Users\vigneshb\AppData\Local\Temp\Wireshark_uninstaller.exe,6/1/2017 19:31,NA
INBANL-PC0EX5K3,1,3,C:\Users\vigneshb\AppData\Local\Temp\Update-7bc08042-60f0-4cfa-b8a4-df4013ec8569\Wireshark-win64-2.4.1.exe,9/22/2017 6:25,NA
INBANL-PC0EX5K3,1,4,C:\Program Files\Wireshark\dumpcap.exe,8/29/2017 18:31,NA
INBANL-PC0EX5K3,1,5,C:\Program Files\Wireshark\Wireshark.exe,8/29/2017 18:32,NA
INBANL-PC0EX5K3,1,6,C:\Program Files (x86)\Mozilla Maintenance Service\maintenanceservice_tmp.exe,9/22/2017 6:09,NA
INBANL-PC0EX5K3,1,7,C:\Program Files (x86)\Mozilla Firefox\uninstall\helper.exe,9/22/2017 6:08,NA
INBANL-PC0EX5K3,1,8,C:\Program Files (x86)\Mozilla Maintenance Service\update\updater.exe,9/22/2017 6:08,NA
INBANL-PC0EX5K3,1,9,C:\Program Files (x86)\Mozilla Maintenance Service\maintenanceservice.exe,9/22/2017 6:09,NA
INBANL-PC0EX5K3,1,10,C:\Program Files (x86)\Mozilla Firefox\updater.exe,9/22/2017 6:08,NA
INBANL-PC0EX5K3,1,11,C:\Program Files (x86)\Mozilla Firefox\firefox.exe,9/22/2017 6:09,NA
INBANL-PC0EX5K3,1,12,C:\Users\vigneshb\AppData\Local\gotomeetingmessenger\app-2.5.1\GoToMeeting Messenger.exe,9/22/2017 6:06,NA
INBANL-PC0EX5K3,1,13,C:\Program Files\BurpSuiteFree\jre\bin\awt.dll,9/22/2017 5:54,NA
INBANL-PC0EX5K3,1,14,c:\PROGRA~1\BURPSU~1\jre\bin\java.exe,9/22/2017 5:54,NA
INBANL-PC0EX5K3,1,15,c:\Program Files\BurpSuiteFree\jre\bin\java.exe,9/22/2017 5:54,NA
INBANL-PC0EX5K3,1,16,C:\Program Files\BurpSuiteFree\BurpSuiteFree.exe,8/31/2017 9:41,NA
INBANL-PC0EX5K3,1,17,C:\Program Files\BurpSuiteFree\jre\bin\javaw.exe,9/22/2017 5:54,NA
INBANL-PC0EX5K3,1,18,C:\Users\vigneshb\AppData\Local\Temp\e4j7CC6.tmp_dir1506059662\jre\bin\awt.dll,9/22/2017 5:54,NA
INBANL-PC0EX5K3,1,19,c:\users\vigneshb\appdata\local\temp\E4J7CC~1.TMP\jre\bin\java.exe,9/22/2017 5:54,NA
INBANL-PC0EX5K3,1,20,c:\Users\vigneshb\AppData\Local\Temp\e4j7CC6.tmp_dir1506059662\jre\bin\java.exe,9/22/2017 5:54,NA
INBANL-PC0EX5K3,1,21,C:\Vicky\Tools\burpsuite_free_windows-x64_v1_7_27.exe,9/22/2017 5:54,NA
INBANL-PC0EX5K3,1,22,C:\WINDOWS\SoftwareDistribution\Download\Install\AM_Delta_Patch_1.251.1212.0.exe,9/22/2017 3:00,NA
INBANL-PC0EX5K3,1,23,C:\Users\vigneshb\AppData\Local\GoTo Opener\GoTo Opener.exe,7/24/2017 5:40,NA
INBANL-PC0EX5K3,1,24,C:\Users\vigneshb\AppData\Local\Temp\2D303EA5-50C0-46EF-AA42-4288A510A16E\dismhost.exe,7/16/2016 6:04,NA
INBANL-PC0EX5K3,1,25,C:\Users\vigneshb\AppData\Local\GoToMeeting\7638\g2mstart.exe,9/19/2017 9:05,NA
INBANL-PC0EX5K3,1,26,C:\Windows\System32\DataExchangeHost.exe,7/16/2016 11:42,NA
INBANL-PC0EX5K3,1,27,C:\Users\vigneshb\AppData\Local\GoToMeeting\7622\scrutil.exe,9/20/2017 16:39,NA
INBANL-PC0EX5K3,1,28,C:\Users\vigneshb\AppData\Local\GoToMeeting\7622\g2mvideoconference.exe,9/20/2017 16:39,NA
INBANL-PC0EX5K3,1,29,C:\Users\vigneshb\AppData\Local\GoToMeeting\7622\g2mui.exe,9/20/2017 16:39,NA
INBANL-PC0EX5K3,1,30,C:\Users\vigneshb\AppData\Local\GoToMeeting\7622\g2mlauncher.exe,9/20/2017 16:39,NA
INBANL-PC0EX5K3,1,31,C:\Users\vigneshb\AppData\Local\GoToMeeting\7622\g2mcomm.exe,9/20/2017 16:39,NA
INBANL-PC0EX5K3,1,32,C:\Users\vigneshb\AppData\Local\GoToMeeting\7622\g2mstart.exe,9/20/2017 16:39,NA
INBANL-PC0EX5K3,1,33,C:\Windows\System32\Macromed\Flash\FlashUtil_ActiveX.exe,7/31/2017 15:14,NA
INBANL-PC0EX5K3,1,34,C:\WINDOWS\SoftwareDistribution\Download\Install\AM_Delta_Patch_1.251.1151.0.exe,9/21/2017 3:01,NA
INBANL-PC0EX5K3,1,35,C:\Users\vigneshb\AppData\Local\Temp\53296C57-D981-4F6C-9B6A-FB7CB847074F\dismhost.exe,7/16/2016 6:04,NA
INBANL-PC0EX5K3,1,36,C:\Users\vigneshb\AppData\Local\GoToMeeting\7622\G2MInstaller.exe,9/20/2017 16:39,NA
INBANL-PC0EX5K3,1,37,C:\Users\vigneshb\AppData\Local\Temp\D8064463-F32A-47AB-855C-6B2F1C395C4A\G2MInstaller.exe,9/20/2017 16:39,NA
INBANL-PC0EX5K3,1,38,C:\Users\vigneshb\AppData\Local\Temp\D8064463-F32A-47AB-855C-6B2F1C395C4A\courgette.exe,9/20/2017 16:39,NA
INBANL-PC0EX5K3,1,39,C:\Users\vigneshb\AppData\Local\Temp\LogMeInUpdates\GoToMeeting\7622\G2MCoreInstExtractor_7586_7622.exe,9/20/2017 16:39,NA
INBANL-PC0EX5K3,1,40,C:\WINDOWS\system32\HOSTNAME.EXE,7/16/2016 11:42,NA
INBANL-PC0EX5K3,1,41,C:\WINDOWS\SoftwareDistribution\Download\Install\AM_Delta_Patch_1.251.1078.0.exe,9/20/2017 3:00,NA
INBANL-PC0EX5K3,1,42,C:\Users\vigneshb\AppData\Local\Google\Chrome\User Data\SwReporter\21.122.6\software_reporter_tool.exe,9/11/2017 4:44,NA
INBANL-PC0EX5K3,1,43,C:\Users\vigneshb\AppData\Local\Temp\13DC8A5B-3780-48D5-9A1B-C1C1487AACFB\dismhost.exe,7/16/2016 6:04,NA
INBANL-PC0EX5K3,1,44,C:\Program Files\Windows Defender\MSASCui.exe,4/27/2017 23:52,NA
INBANL-PC0EX5K3,1,45,C:\WINDOWS\SysWOW64\Macromed\Temp\{64827314-96D9-42EF-8BD2-F7A8F8DF8A93}\InstallFlashPlayer.exe,9/20/2017 4:23,NA
INBANL-PC0EX5K3,1,46,C:\WINDOWS\system32\Macromed\Temp\{64827314-96D9-42EF-8BD2-F7A8F8DF8A93}\InstallFlashPlayer.exe,9/20/2017 4:23,NA
INBANL-PC0EX5K3,1,47,C:\WINDOWS\TEMP\{05E6D311-4793-44BE-ACA2-A50B5B5129AE}\InstallPlugin_27_0_0_130.exe,8/29/2017 9:09,NA
INBANL-PC0EX5K3,1,48,C:\WINDOWS\SysWOW64\Macromed\Temp\{B6EFA603-9338-46AF-A594-439639768D3D}\InstallFlashPlayer.exe,9/20/2017 4:23,NA
INBANL-PC0EX5K3,1,49,C:\WINDOWS\system32\Macromed\Temp\{B6EFA603-9338-46AF-A594-439639768D3D}\InstallFlashPlayer.exe,9/20/2017 4:23,NA
INBANL-PC0EX5K3,1,50,C:\WINDOWS\SysWOW64\Macromed\Flash\FlashUtil32_26_0_0_137_Plugin.exe,7/26/2017 9:04,NA
INBANL-PC0EX5K3,1,51,C:\Users\vigneshb\AppData\Local\GoToMeeting\7638\g2mupload.exe,9/19/2017 9:05,NA
INBANL-PC0EX5K3,1,52,C:\WINDOWS\system32\xcopy.exe,7/16/2016 11:42,NA
INBANL-PC0EX5K3,1,53,C:\WINDOWS\system32\tasklist.exe,7/16/2016 11:42,NA
INBANL-PC0EX5K3,1,54,C:\Users\vigneshb\Desktop\Evidence_logs.bat,9/19/2017 10:07,NA
INBANL-PC0EX5K3,1,55,C:\Users\vigneshb\AppData\Local\GoToMeeting\7638\g2mupdate.exe,9/19/2017 9:05,NA
INBANL-PC0EX5K3,1,56,C:\Users\vigneshb\AppData\Local\GoToMeeting\7638\G2MInstaller.exe,9/19/2017 9:05,NA
INBANL-PC0EX5K3,1,57,C:\Users\vigneshb\AppData\Local\Temp\BB5A5D71-F191-4E84-BE0D-69A8DFF90FF2\G2MInstaller.exe,9/19/2017 9:05,NA
INBANL-PC0EX5K3,1,58,C:\Users\vigneshb\AppData\Local\Temp\BB5A5D71-F191-4E84-BE0D-69A8DFF90FF2\courgette.exe,9/19/2017 9:05,NA
INBANL-PC0EX5K3,1,59,C:\Users\vigneshb\AppData\Local\Temp\LogMeInUpdates\GoToMeeting\7638\G2MCoreInstExtractor_7586_7638.exe,9/19/2017 9:05,NA
INBANL-PC0EX5K3,1,60,C:\Users\vigneshb\Desktop\JumpListExplorer\JumpListExplorer.exe,8/31/2017 13:42,NA
INBANL-PC0EX5K3,1,61,C:\Users\vigneshb\Desktop\AppCompatCacheParser\AppCompatCacheParser.exe,3/30/2017 18:33,NA
INBANL-PC0EX5K3,1,62,C:\Windows\System32\icacls.exe,7/16/2016 11:42,NA
INBANL-PC0EX5K3,1,63,C:\Windows\System32\findstr.exe,7/16/2016 11:42,NA
INBANL-PC0EX5K3,1,64,C:\WINDOWS\Installer\MSIDB1.tmp,9/19/2017 5:17,NA
INBANL-PC0EX5K3,1,65,C:\Windows\System32\doskey.exe,7/16/2016 11:42,NA
INBANL-PC0EX5K3,1,66,C:\WINDOWS\Installer\MSI2313.tmp,9/19/2017 5:15,NA
INBANL-PC0EX5K3,1,67,C:\Windows\System32\find.exe,7/16/2016 11:42,NA
INBANL-PC0EX5K3,1,68,C:\Users\vigneshb\AppData\Local\Temp\78779169-32C6-4BE0-9CB1-6DDDCB0294E6\dismhost.exe,7/16/2016 6:04,NA
INBANL-PC0EX5K3,1,69,C:\Users\vigneshb\AppData\Local\Temp\A5DB82F9-529C-4386-9C52-40014C48FCF8\dismhost.exe,7/16/2016 6:04,NA
INBANL-PC0EX5K3,1,70,"00000009	07e102d700140000	000a000038390000	8664	Microsoft.WindowsCamera	8wekyb3d8bbwe	",1601-01-01 00:00:00,NA
INBANL-PC0EX5K3,1,71,"00000009	07e102d700280000	000a000038390000	8664	Microsoft.WindowsCamera	8wekyb3d8bbwe	",1601-01-01 00:00:00,NA
INBANL-PC0EX5K3,1,72,C:\Users\vigneshb\AppData\Local\Temp\D19C1F5B-CE68-4A39-AB5D-B51426495039\dismhost.exe,7/16/2016 6:04,NA
INBANL-PC0EX5K3,1,73,C:\Users\vigneshb\AppData\Local\Temp\9B2A36E3-4B4B-4D9E-BE86-F6F121B44EAE\dismhost.exe,7/16/2016 6:04,NA
INBANL-PC0EX5K3,1,74,C:\WINDOWS\system32\winsat.exe,7/16/2016 11:42,NA
INBANL-PC0EX5K3,1,75,C:\Program Files\ConEmu\ConEmu\ConEmuC.exe,12/7/2016 7:09,NA
INBANL-PC0EX5K3,1,76,C:\WINDOWS\system32\mmc.exe,3/4/2017 6:21,NA
INBANL-PC0EX5K3,1,77,C:\WINDOWS\system32\eventvwr.exe,7/16/2016 11:42,NA
INBANL-PC0EX5K3,1,78,C:\WINDOWS\system32\systempropertiesadvanced.exe,7/16/2016 11:42,NA
INBANL-PC0EX5K3,1,79,C:\WINDOWS\system32\FlashPlayerCPLApp.cpl,7/31/2017 15:14,NA
INBANL-PC0EX5K3,1,80,C:\WINDOWS\SysWOW64\DllHost.exe,7/16/2016 11:42,NA
INBANL-PC0EX5K3,1,81,C:\WINDOWS\system32\control.exe,7/16/2016 11:42,NA
INBANL-PC0EX5K3,1,82,C:\Program Files (x86)\Log Parser 2.2\LogParser.exe,3/17/2005 11:47,NA
INBANL-PC0EX5K3,1,83,C:\Windows\DfsrAdmin.exe,10/8/2016 18:15,NA
INBANL-PC0EX5K3,1,84,C:\Windows\HelpPane.exe,6/3/2017 8:52,NA
INBANL-PC0EX5K3,1,85,C:\Windows\hh.exe,7/16/2016 11:42,NA
INBANL-PC0EX5K3,1,86,C:\Windows\notepad.exe,7/16/2016 11:43,NA
INBANL-PC0EX5K3,1,87,C:\Windows\regedit.exe,3/4/2017 6:18,NA
INBANL-PC0EX5K3,1,88,C:\Windows\bfsvc.exe,7/16/2016 11:42,NA
INBANL-PC0EX5K3,1,89,C:\WINDOWS\SoftwareDistribution\Download\Install\AM_Delta_Patch_1.251.911.0.exe,9/15/2017 3:00,NA
INBANL-PC0EX5K3,1,90,C:\Users\vigneshb\AppData\Local\Temp\7936271F-59D1-45B8-A0A4-A2FB394CC3CD\dismhost.exe,7/16/2016 6:04,NA
INBANL-PC0EX5K3,1,91,C:\WINDOWS\system32\tzsync.exe,7/16/2016 11:42,NA
INBANL-PC0EX5K3,1,92,C:\WINDOWS\system32\telnet.exe,5/15/2017 18:22,NA
INBANL-PC0EX5K3,1,93,C:\Users\vigneshb\AppData\Local\Temp\npp.7.5.1.Installer.x64.exe,9/14/2017 5:41,NA
INBANL-PC0EX5K3,1,94,C:\Program Files\Notepad++\updater\gup.exe,6/18/2017 21:44,NA
INBANL-PC0EX5K3,1,95,C:\Users\vigneshb\AppData\Local\Temp\825F9ACA-28CB-4918-A376-381A72F06805\dismhost.exe,7/16/2016 6:04,NA
INBANL-PC0EX5K3,1,96,C:\Program Files\Microsoft Network Monitor 3\netmon.exe,6/9/2010 11:40,NA
INBANL-PC0EX5K3,1,97,C:\Program Files\Process Hacker 2\ProcessHacker.exe,3/29/2016 7:05,NA
INBANL-PC0EX5K3,1,98,C:\Users\vigneshb\AppData\Local\gotomeetingmessenger\GoToMeeting Messenger.exe,9/22/2017 6:06,NA
INBANL-PC0EX5K3,1,99,C:\Program Files (x86)\HxD\HxD.exe,4/1/2009 16:08,NA
INBANL-PC0EX5K3,1,100,C:\Program Files\WindowsApps\Microsoft.WindowsStore_11708.1001.21.0_x64__8wekyb3d8bbwe\Application,9/14/2017 3:41,NA
INBANL-PC0EX5K3,1,101,"00000000	000e000063520000	000a0000273a0000	8664	Microsoft.VCLibs.140.00	8wekyb3d8bbwe	",1601-01-01 00:00:00,NA
INBANL-PC0EX5K3,1,102,"00000009	000e000063520000	000a0000273a0000	8664	Microsoft.VCLibs.140.00	8wekyb3d8bbwe	",1601-01-01 00:00:00,NA
INBANL-PC0EX5K3,1,103,"00000009	2dbc03e900150000	000a00003ad70000	8664	Microsoft.WindowsStore	8wekyb3d8bbwe	",1601-01-01 00:00:00,NA
INBANL-PC0EX5K3,1,104,C:\ProgramData\Adobe\ARM\{291AA914-A987-4CE9-BD63-AC0A92D435E5}\ServicesUpdater.exe,9/4/2017 7:38,NA
INBANL-PC0EX5K3,1,105,C:\Program Files (x86)\Common Files\Adobe\ARM\1.0\AdobeARMHelper.exe,7/19/2017 18:20,NA
INBANL-PC0EX5K3,1,106,C:\Program Files (x86)\Microsoft Configuration Manager\AdminConsole\bin\Microsoft.ConfigurationManagement.exe,3/22/2017 12:00,NA
INBANL-PC0EX5K3,1,107,C:\WINDOWS\system32\mstsc.exe,8/1/2017 18:24,NA
INBANL-PC0EX5K3,1,108,C:\Users\vigneshb\AppData\Local\Google\Chrome\User Data\SwReporter\21.121.1\software_reporter_tool.exe,8/30/2017 1:50,NA
INBANL-PC0EX5K3,1,109,C:\Users\vigneshb\AppData\Local\Citrix\GoToMeeting\6441\scrutil.exe,4/5/2017 12:21,NA
INBANL-PC0EX5K3,1,110,C:\WINDOWS\system32\net1.exe,7/16/2016 11:42,NA
INBANL-PC0EX5K3,1,111,C:\WINDOWS\system32\net.exe,7/16/2016 11:42,NA
INBANL-PC0EX5K3,1,112,C:\WINDOWS\SoftwareDistribution\Download\Install\AM_Delta_Patch_1.251.771.0.exe,9/13/2017 3:01,NA
INBANL-PC0EX5K3,1,113,C:\WINDOWS\TEMP\wac8254.tmp,9/13/2017 4:18,NA
INBANL-PC0EX5K3,1,114,C:\Program Files\CyberArk\Endpoint Privilege Manager\Agent\x32\vf_movie.exe,7/18/2017 12:43,NA
INBANL-PC0EX5K3,1,115,C:\WINDOWS\TEMP\wac3877.tmp,9/13/2017 4:18,NA
INBANL-PC0EX5K3,1,116,C:\Users\vigneshb\AppData\Local\Temp\C256004B-C59E-4F27-88E0-307414361C07\dismhost.exe,7/16/2016 6:04,NA
INBANL-PC0EX5K3,1,117,C:\WINDOWS\system32\fontdrvhost.exe,6/3/2017 9:40,NA
INBANL-PC0EX5K3,1,118,C:\Users\vigneshb\AppData\Local\Citrix\GoToMeeting\6441\G2MInstaller.exe,4/5/2017 12:21,NA
INBANL-PC0EX5K3,1,119,C:\Users\vigneshb\AppData\Local\GoToMeeting\7586\scrutil.exe,9/8/2017 6:55,NA
INBANL-PC0EX5K3,1,120,C:\Program Files\ConEmu\ConEmu\ConEmuC64.exe,12/7/2016 7:09,NA
INBANL-PC0EX5K3,1,121,C:\Program Files\ConEmu\ConEmu64.exe,12/7/2016 7:09,NA
INBANL-PC0EX5K3,1,122,C:\Users\vigneshb\AppData\Local\GoToMeeting\7586\g2mvideoconference.exe,9/8/2017 6:55,NA
INBANL-PC0EX5K3,1,123,C:\Users\vigneshb\AppData\Local\GoToMeeting\7586\g2mui.exe,9/8/2017 6:55,NA
INBANL-PC0EX5K3,1,124,C:\Users\vigneshb\AppData\Local\GoToMeeting\7586\g2mlauncher.exe,9/8/2017 6:55,NA
INBANL-PC0EX5K3,1,125,C:\Users\vigneshb\AppData\Local\GoToMeeting\7586\g2mcomm.exe,9/8/2017 6:55,NA
INBANL-PC0EX5K3,1,126,C:\Users\vigneshb\AppData\Local\GoToMeeting\7586\g2mstart.exe,9/8/2017 6:55,NA
INBANL-PC0EX5K3,1,127,C:\Users\vigneshb\AppData\Local\GoToMeeting\7586\G2MInstaller.exe,9/8/2017 6:55,NA
INBANL-PC0EX5K3,1,128,C:\Users\vigneshb\AppData\Local\GoToMeeting\7586\g2mupload.exe,9/8/2017 6:55,NA
INBANL-PC0EX5K3,1,129,C:\Users\vigneshb\AppData\Local\GoToMeeting\7586\g2mupdate.exe,9/8/2017 6:55,NA
INBANL-PC0EX5K3,1,130,C:\Program Files\WindowsApps\Microsoft.WindowsStore_11707.1001.23.0_x64__8wekyb3d8bbwe\Application,8/25/2017 6:39,NA
INBANL-PC0EX5K3,1,131,"00000009	2dbb03e900170000	000a00003ad70000	8664	Microsoft.WindowsStore	8wekyb3d8bbwe	",1601-01-01 00:00:00,NA
INBANL-PC0EX5K3,1,132,C:\Users\vigneshb\AppData\Local\slack\app-2.8.0\slack.exe,9/12/2017 6:34,NA
INBANL-PC0EX5K3,1,133,C:\Users\vigneshb\AppData\Local\slack\app-2.8.0\Squirrel.exe,9/12/2017 6:35,NA
INBANL-PC0EX5K3,1,134,C:\Users\vigneshb\AppData\Local\gotomeetingmessenger\app-2.5.0\GoToMeeting Messenger.exe,9/7/2017 6:38,NA
INBANL-PC0EX5K3,1,135,C:\Users\vigneshb\AppData\Local\slack\app-2.7.1\slack.exe,8/22/2017 4:16,NA
INBANL-PC0EX5K3,1,136,C:\WINDOWS\system32\WindowsPowershell\v1.0\powershell.exe,11/21/2016 1:27,NA
INBANL-PC0EX5K3,1,137,C:\Program Files\Logitech\Collaboration\Services\Video\ServiceLayer.exe,7/11/2017 2:13,NA
INBANL-PC0EX5K3,1,138,C:\Program Files (x86)\Microsoft Office\root\Office16\ONENOTE.EXE,4/3/2017 9:38,NA
INBANL-PC0EX5K3,1,139,C:\WINDOWS\winsxs\amd64_microsoft-windows-servicingstack_31bf3856ad364e35_10.0.14393.1561_none_7ef6e89821f9a6be\TiWorker.exe,12/21/2016 7:10,NA
INBANL-PC0EX5K3,1,140,C:\Program Files (x86)\Microsoft Office\Root\Office16\POWERPNT.EXE,4/3/2017 9:38,NA
INBANL-PC0EX5K3,1,141,C:\WINDOWS\system32\MRT.exe,8/17/2017 10:13,NA
INBANL-PC0EX5K3,1,142,C:\WINDOWS\SoftwareDistribution\Download\Install\Windows-KB890830-x64-V5.51-delta.exe,8/10/2017 13:33,NA
INBANL-PC0EX5K3,1,143,C:\WINDOWS\CCM\ClientUX\SCClient.exe,3/22/2017 11:59,NA
INBANL-PC0EX5K3,1,144,C:\Program Files (x86)\Microsoft SQL Server\120\Tools\Binn\ManagementStudio\Ssms.exe,2/20/2014 23:47,NA
INBANL-PC0EX5K3,1,145,C:\WINDOWS\system32\ipconfig.exe,7/16/2016 11:42,NA
INBANL-PC0EX5K3,1,146,C:\WINDOWS\system32\PrintIsolationHost.exe,7/16/2016 11:42,NA
INBANL-PC0EX5K3,1,147,C:\WINDOWS\system32\DrvInst.exe,7/16/2016 11:42,NA
INBANL-PC0EX5K3,1,148,C:\Program Files (x86)\Adobe\Acrobat Reader DC\Reader\plug_ins\pi_brokers\32BitMAPIBroker.exe,7/31/2017 22:31,NA
INBANL-PC0EX5K3,1,149,C:\Users\vigneshb\AppData\Local\Citrix\GoToMeeting\6441\g2mvideoconference.exe,4/5/2017 12:21,NA
INBANL-PC0EX5K3,1,150,C:\Users\vigneshb\AppData\Local\Citrix\GoToMeeting\6441\g2mui.exe,4/5/2017 12:21,NA
INBANL-PC0EX5K3,1,151,C:\WINDOWS\SoftwareDistribution\Download\Install\AM_Delta_Patch_1.249.1077.0.exe,8/17/2017 3:00,NA
INBANL-PC0EX5K3,1,152,C:\Users\vigneshb\AppData\Local\Temp\7CED5615-20FB-45F5-B9BC-C5FF86845B34\dismhost.exe,7/16/2016 6:04,NA
INBANL-PC0EX5K3,1,153,C:\WINDOWS\system32\dashost.exe,11/21/2016 1:28,NA
INBANL-PC0EX5K3,1,154,"00000009	2dbb06ab61ae0000	000a00003ad70000	8664	Microsoft.StorePurchaseApp	8wekyb3d8bbwe	",1601-01-01 00:00:00,NA
INBANL-PC0EX5K3,1,155,C:\WINDOWS\SysWOW64\netsh.exe,7/16/2016 11:42,NA
INBANL-PC0EX5K3,1,156,C:\WINDOWS\system32\netsh.exe,7/16/2016 11:42,NA
INBANL-PC0EX5K3,1,157,C:\WINDOWS\splwow64.exe,11/21/2016 1:27,NA
INBANL-PC0EX5K3,1,158,C:\Program Files (x86)\Cisco\Cisco AnyConnect Secure Mobility Client\VACon64.exe,12/9/2016 16:24,NA
INBANL-PC0EX5K3,1,159,C:\Program Files (x86)\Cisco\Cisco AnyConnect Secure Mobility Client\vpndownloader.exe,12/9/2016 16:24,NA
INBANL-PC0EX5K3,1,160,C:\WINDOWS\system32\SnippingTool.exe,11/21/2016 1:45,NA
INBANL-PC0EX5K3,1,161,C:\WINDOWS\system32\NETSTAT.EXE,7/16/2016 11:42,NA
INBANL-PC0EX5K3,1,162,C:\Windows\System32\conhost.exe,7/16/2016 11:42,NA
INBANL-PC0EX5K3,1,163,C:\Program Files (x86)\Nmap\nmap.exe,12/20/2016 5:14,NA
INBANL-PC0EX5K3,1,164,C:\Program Files (x86)\Nmap\zenmap.exe,12/20/2016 6:57,NA
INBANL-PC0EX5K3,1,165,C:\WINDOWS\system32\nbtstat.exe,7/16/2016 11:42,NA
INBANL-PC0EX5K3,1,166,C:\WINDOWS\system32\PING.EXE,7/16/2016 11:42,NA
INBANL-PC0EX5K3,1,167,C:\WINDOWS\system32\ARP.EXE,7/16/2016 11:42,NA
INBANL-PC0EX5K3,1,168,C:\Program Files (x86)\Microsoft Office\Root\Office16\WINWORD.EXE,4/3/2017 9:38,NA
INBANL-PC0EX5K3,1,169,C:\WINDOWS\system32\MpSigStub.exe,8/18/2017 3:00,NA
INBANL-PC0EX5K3,1,170,C:\WINDOWS\SoftwareDistribution\Download\Install\AM_Delta.exe,9/19/2017 3:00,NA
INBANL-PC0EX5K3,1,171,C:\WINDOWS\SoftwareDistribution\Download\Install\MpSigStub.exe,3/4/2017 14:23,NA
INBANL-PC0EX5K3,1,172,C:\WINDOWS\system32\wuauclt.exe,11/21/2016 1:27,NA
INBANL-PC0EX5K3,1,173,C:\Windows\System32\CredentialUIBroker.exe,7/16/2016 11:43,NA
INBANL-PC0EX5K3,1,174,C:\Users\vigneshb\AppData\Local\Temp\89523628-FBBC-4613-9E99-12EBA85BA7DB\dismhost.exe,7/16/2016 6:04,NA
INBANL-PC0EX5K3,1,175,C:\WINDOWS\system32\RAServer.exe,7/16/2016 11:43,NA
INBANL-PC0EX5K3,1,176,C:\Program Files\CyberArk\Endpoint Privilege Manager\Agent\x32\vf_host.exe,7/18/2017 12:42,NA
INBANL-PC0EX5K3,1,177,C:\Users\vigneshb\AppData\Local\Google\Chrome\User Data\SwReporter\20.117.0\software_reporter_tool.exe,8/2/2017 4:38,NA
INBANL-PC0EX5K3,1,178,C:\WINDOWS\System32\WiFiTask.exe,11/21/2016 1:27,NA
INBANL-PC0EX5K3,1,179,C:\Users\vigneshb\AppData\Local\Temp\BA75B5F6-2062-438A-B172-FFE3696BC992\dismhost.exe,7/16/2016 6:04,NA
INBANL-PC0EX5K3,1,180,C:\WINDOWS\system32\lpremove.exe,11/11/2016 9:27,NA
INBANL-PC0EX5K3,1,181,C:\WINDOWS\system32\srtasks.exe,7/16/2016 11:44,NA
INBANL-PC0EX5K3,1,182,C:\Users\vigneshb\AppData\Local\Temp\9D1B5ABD-2FC1-43F1-9D69-A03588A45453\dismhost.exe,7/16/2016 6:04,NA
INBANL-PC0EX5K3,1,183,C:\WINDOWS\System32\Taskmgr.exe,7/16/2016 11:42,NA
INBANL-PC0EX5K3,1,184,C:\WINDOWS\system32\launchtm.exe,7/16/2016 11:42,NA
INBANL-PC0EX5K3,1,185,C:\WINDOWS\Installer\MSIBF3F.tmp,8/14/2017 10:47,NA
INBANL-PC0EX5K3,1,186,C:\Program Files (x86)\Adobe\Acrobat Reader DC\Reader\AcroCEF\RdrServicesUpdater.exe,8/24/2017 12:10,NA
INBANL-PC0EX5K3,1,187,C:\WINDOWS\Installer\MSI2DDD.tmp,8/14/2017 10:46,NA
INBANL-PC0EX5K3,1,188,C:\Windows\syswow64\MsiExec.exe,7/16/2016 11:42,NA
INBANL-PC0EX5K3,1,189,C:\Program Files (x86)\SAManage\Download.exe,11/8/2011 19:49,NA
INBANL-PC0EX5K3,1,190,C:\Program Files (x86)\SAManage\OCSInventory.exe,11/8/2011 19:50,NA
INBANL-PC0EX5K3,1,191,C:\WINDOWS\SysWOW64\cmd.exe,7/16/2016 11:43,NA
INBANL-PC0EX5K3,1,192,C:\WINDOWS\System32\SLUI.exe,7/16/2016 11:42,NA
INBANL-PC0EX5K3,1,193,C:\WINDOWS\system32\SppExtComObj.exe,7/16/2016 11:42,NA
INBANL-PC0EX5K3,1,194,C:\Users\vigneshb\Desktop\winxp_local_privilige.exe,8/14/2017 9:35,NA
INBANL-PC0EX5K3,1,195,C:\Ruby23-x64\bin\rubyw.exe,12/2/2016 8:19,NA
INBANL-PC0EX5K3,1,196,C:\Ruby23-x64\unins000.exe,4/11/2017 7:10,NA
INBANL-PC0EX5K3,1,197,C:\Program Files (x86)\Event Log Explorer\elex.exe,1/13/2015 14:46,NA
INBANL-PC0EX5K3,1,198,C:\WINDOWS\system32\browser_broker.exe,8/1/2017 19:21,NA
INBANL-PC0EX5K3,1,199,"0000000b	00263839042a0000	000a000038390000	8664	Microsoft.MicrosoftEdge	8wekyb3d8bbwe	",1601-01-01 00:00:00,NA
INBANL-PC0EX5K3,1,200,C:\WINDOWS\SystemApps\Microsoft.MicrosoftEdge_8wekyb3d8bbwe\Application,8/17/2017 11:44,NA
INBANL-PC0EX5K3,1,201,C:\Program Files\Notepad++\notepad++.exe,8/29/2017 0:43,NA
INBANL-PC0EX5K3,1,202,C:\Ruby23-x64\bin\ruby.exe,12/2/2016 8:19,NA
INBANL-PC0EX5K3,1,203,C:\Program Files\Common Files\Microsoft Shared\ClickToRun\mavinject32.exe,2/4/2017 11:48,NA
INBANL-PC0EX5K3,1,204,C:\WINDOWS\SysWOW64\SearchProtocolHost.exe,8/1/2017 16:48,NA
INBANL-PC0EX5K3,1,205,C:\Program Files (x86)\Microsoft Office\root\Office16\OUTLOOK.EXE,4/3/2017 9:38,NA
INBANL-PC0EX5K3,1,206,C:\Users\vigneshb\AppData\Local\Temp\671AEF4D-229B-46CB-B8EE-1DC1B503A76B\dismhost.exe,7/16/2016 6:04,NA
INBANL-PC0EX5K3,1,207,C:\Users\vigneshb\AppData\Local\Temp\5A2EC676-9839-425E-B851-B87D46C0DCDC\dismhost.exe,7/16/2016 6:04,NA
INBANL-PC0EX5K3,1,208,C:\Users\vigneshb\AppData\Local\GoToMeeting\7454\g2mupload.exe,8/12/2017 8:15,NA
INBANL-PC0EX5K3,1,209,C:\Users\vigneshb\AppData\Local\Temp\FFB087D1-35A1-4AF2-8054-887AF8F06A1B\dismhost.exe,7/16/2016 6:04,NA
INBANL-PC0EX5K3,1,210,C:\Users\vigneshb\AppData\Local\GoToMeeting\7454\g2mupdate.exe,8/12/2017 8:15,NA
INBANL-PC0EX5K3,1,211,C:\Users\vigneshb\AppData\Local\Temp\216BC319-834C-4B33-B5C2-53A4C26D8EAF\dismhost.exe,7/16/2016 6:04,NA
INBANL-PC0EX5K3,1,212,C:\Users\vigneshb\AppData\Local\Temp\14B73D74-1F8B-4385-9F3F-4894FEA0D873\dismhost.exe,7/16/2016 6:04,NA
INBANL-PC0EX5K3,1,213,C:\WINDOWS\winsxs\amd64_microsoft-windows-servicingstack_31bf3856ad364e35_10.0.14393.1439_none_7efe016621f50bd0\TiWorker.exe,12/21/2016 7:10,NA
INBANL-PC0EX5K3,1,214,C:\WINDOWS\servicing\TrustedInstaller.exe,11/11/2016 9:24,NA
INBANL-PC0EX5K3,1,215,C:\WINDOWS\system32\systeminfo.exe,7/16/2016 11:42,NA
INBANL-PC0EX5K3,1,216,C:\Users\vigneshb\AppData\Local\Temp\3AD6C9F5-5734-4737-8D21-8C6D32BD974C\dismhost.exe,7/16/2016 6:04,NA
INBANL-PC0EX5K3,1,217,C:\Program Files (x86)\VMware\VMware Workstation\x64\vmware-vmx.exe,6/24/2015 8:58,NA
INBANL-PC0EX5K3,1,218,C:\Program Files (x86)\VMware\VMware Workstation\vmware-unity-helper.exe,6/24/2015 8:59,NA
INBANL-PC0EX5K3,1,219,C:\Program Files (x86)\VMware\VMware Workstation\vmware.exe,6/24/2015 9:00,NA
INBANL-PC0EX5K3,1,220,C:\Windows\Microsoft.NET\Framework64\v4.0.30319\mscorsvw.exe,4/21/2017 21:50,NA
INBANL-PC0EX5K3,1,221,C:\Windows\Microsoft.NET\Framework\v4.0.30319\mscorsvw.exe,4/21/2017 21:53,NA
INBANL-PC0EX5K3,1,222,C:\Windows\Microsoft.NET\Framework64\v4.0.30319\ngen.exe,4/21/2017 21:50,NA
INBANL-PC0EX5K3,1,223,C:\Windows\Microsoft.NET\Framework\v4.0.30319\ngen.exe,4/21/2017 21:53,NA
INBANL-PC0EX5K3,1,224,C:\Windows\Microsoft.NET\Framework64\v4.0.30319\NGenTask.exe,4/21/2017 21:50,NA
INBANL-PC0EX5K3,1,225,C:\Windows\Microsoft.NET\Framework\v4.0.30319\NGenTask.exe,4/21/2017 21:53,NA
INBANL-PC0EX5K3,1,226,C:\WINDOWS\System32\sdiagnhost.exe,7/16/2016 11:42,NA
INBANL-PC0EX5K3,1,227,C:\WINDOWS\system32\vssvc.exe,4/27/2017 23:46,NA
INBANL-PC0EX5K3,1,228,C:\WINDOWS\system32\cleanmgr.exe,7/16/2016 11:43,NA
INBANL-PC0EX5K3,1,229,C:\WINDOWS\system32\disksnapshot.exe,7/16/2016 11:42,NA
INBANL-PC0EX5K3,1,230,C:\WINDOWS\system32\dstokenclean.exe,7/16/2016 11:42,NA
INBANL-PC0EX5K3,1,231,C:\WINDOWS\system32\defrag.exe,7/16/2016 11:42,NA
INBANL-PC0EX5K3,1,232,C:\WINDOWS\system32\speech_onecore\common\SpeechModelDownload.exe,11/21/2016 1:27,NA
INBANL-PC0EX5K3,1,233,C:\Users\vigneshb\AppData\Local\slack\slack.exe,9/12/2017 6:35,NA
INBANL-PC0EX5K3,1,234,C:\Users\vigneshb\Downloads\VNC-Viewer-6.1.0-Windows-64bit.exe,5/3/2017 7:28,NA
INBANL-PC0EX5K3,1,235,C:\Users\vigneshb\Downloads\torbrowser-install-6.5.2_en-US.exe,4/25/2017 13:58,NA
INBANL-PC0EX5K3,1,236,C:\Program Files (x86)\VideoLAN\VLC\vlc.exe,7/22/2014 19:59,NA
INBANL-PC0EX5K3,1,237,C:\Program Files\7-Zip\7zG.exe,5/10/2016 9:01,NA
INBANL-PC0EX5K3,1,238,C:\WINDOWS\system32\OpenWith.exe,7/16/2016 11:42,NA
INBANL-PC0EX5K3,1,239,C:\Users\vigneshb\Downloads\nmap-7.40-setup.exe,5/3/2017 6:14,NA
INBANL-PC0EX5K3,1,240,C:\Users\vigneshb\Downloads\npp.7.3.3.Installer.x64.exe,4/13/2017 11:33,NA
INBANL-PC0EX5K3,1,241,C:\Windows\System32\SystemSettingsBroker.exe,7/16/2016 11:42,NA
INBANL-PC0EX5K3,1,242,C:\WINDOWS\ccmsetup\cache\ccmsetup.exe,3/22/2017 6:00,NA
INBANL-PC0EX5K3,1,243,C:\WINDOWS\system32\SettingSyncHost.exe,4/28/2017 0:40,NA
INBANL-PC0EX5K3,1,244,C:\WINDOWS\CCM\ccmeval.exe,2/27/2017 23:30,NA
INBANL-PC0EX5K3,1,245,C:\WINDOWS\system32\dmclient.exe,7/16/2016 11:42,NA
INBANL-PC0EX5K3,1,246,c:\Program Files\Windows Defender\ConfigSecurityPolicy.exe,4/27/2017 23:51,NA
INBANL-PC0EX5K3,1,247,C:\Program Files (x86)\Microsoft Office\root\vfs\ProgramFilesCommonx86\Microsoft Shared\Office16\OLicenseHeartbeat.exe,4/3/2017 9:38,NA
INBANL-PC0EX5K3,1,248,C:\Windows\SystemApps\Microsoft.Windows.ContentDeliveryManager_cw5n1h2txyewy\Application,5/18/2017 10:10,NA
INBANL-PC0EX5K3,1,249,"0000000b	000a000038390000	000a000000000000	8664	Microsoft.Windows.ContentDeliveryManager	cw5n1h2txyewy	neutral",1601-01-01 00:00:00,NA
INBANL-PC0EX5K3,1,250,C:\Program Files (x86)\Adobe\Acrobat Reader DC\Reader\Reader_sl.exe,2/17/2017 19:34,NA
INBANL-PC0EX5K3,1,251,C:\Program Files (x86)\Common Files\Adobe\ARM\1.0\AdobeARM.exe,7/19/2017 18:20,NA
INBANL-PC0EX5K3,1,252,C:\WINDOWS\system32\devicecensus.exe,6/3/2017 10:14,NA
INBANL-PC0EX5K3,1,253,C:\WINDOWS\System32\sihclient.exe,7/16/2016 11:42,NA
INBANL-PC0EX5K3,1,254,C:\WINDOWS\system32\sc.exe,7/16/2016 11:42,NA
INBANL-PC0EX5K3,1,255,C:\WINDOWS\system32\wbem\wmic.exe,7/16/2016 11:42,NA
INBANL-PC0EX5K3,1,256,C:\Windows\SystemApps\Microsoft.LockApp_cw5n1h2txyewy\Application,7/26/2017 8:55,NA
INBANL-PC0EX5K3,1,257,"0000000b	000a000038390000	000a000000000000	8664	Microsoft.LockApp	cw5n1h2txyewy	",1601-01-01 00:00:00,NA
INBANL-PC0EX5K3,1,258,C:\Windows\System32\LockAppHost.exe,3/4/2017 7:03,NA
INBANL-PC0EX5K3,1,259,C:\WINDOWS\System32\wsqmcons.exe,8/1/2017 18:46,NA
INBANL-PC0EX5K3,1,260,C:\Program Files\Internet Explorer\IELowutil.exe,7/16/2016 11:43,NA
INBANL-PC0EX5K3,1,261,C:\WINDOWS\system32\msfeedssync.exe,7/16/2016 11:43,NA
INBANL-PC0EX5K3,1,262,C:\Program Files (x86)\Microsoft Office\root\Office16\msoia.exe,4/3/2017 9:40,NA
INBANL-PC0EX5K3,1,263,C:\Program Files\Common Files\Microsoft Shared\ClickToRun\OfficeC2RClient.exe,2/18/2017 13:58,NA
INBANL-PC0EX5K3,1,264,C:\WINDOWS\ImmersiveControlPanel\SystemSettings.exe,11/21/2016 1:28,NA
INBANL-PC0EX5K3,1,265,C:\WINDOWS\system32\ProvTool.exe,11/21/2016 1:27,NA
INBANL-PC0EX5K3,1,266,C:\Program Files\WindowsApps\Microsoft.WindowsCalculator_10.1705.1301.0_x64__8wekyb3d8bbwe\Application,5/23/2017 8:00,NA
INBANL-PC0EX5K3,1,267,"00000009	07e188f7352a0000	000a000038390000	8664	Microsoft.Windows.Photos	8wekyb3d8bbwe	",1601-01-01 00:00:00,NA
INBANL-PC0EX5K3,1,268,C:\Program Files\WindowsApps\Microsoft.Windows.Photos_2017.35063.13610.0_x64__8wekyb3d8bbwe\Application,8/4/2017 3:35,NA
INBANL-PC0EX5K3,1,269,C:\WINDOWS\system32\ApplicationFrameHost.exe,7/16/2016 11:42,NA
INBANL-PC0EX5K3,1,270,C:\Program Files\WindowsApps\Microsoft.WindowsStore_11706.1001.26.0_x64__8wekyb3d8bbwe\Application,7/25/2017 7:30,NA
INBANL-PC0EX5K3,1,271,"00000009	2dba03e9001a0000	000a00003ad70000	8664	Microsoft.WindowsStore	8wekyb3d8bbwe	",1601-01-01 00:00:00,NA
INBANL-PC0EX5K3,1,272,C:\WINDOWS\System32\dsregcmd.exe,11/21/2016 1:27,NA
INBANL-PC0EX5K3,1,273,C:\Program Files\Realtek\Audio\HDA\RAVCpl64.exe,9/12/2016 21:12,NA
INBANL-PC0EX5K3,1,274,C:\WINDOWS\system32\reg.exe,7/16/2016 11:42,NA
INBANL-PC0EX5K3,1,275,C:\Windows\CCM\SCToastNotification.exe,2/27/2017 23:30,NA
INBANL-PC0EX5K3,1,276,C:\Program Files (x86)\VMware\VMware Workstation\vmware-tray.exe,6/24/2015 8:55,NA
INBANL-PC0EX5K3,1,277,C:\Program Files\Realtek\Audio\HDA\RAVBg64.exe,9/12/2016 21:12,NA
INBANL-PC0EX5K3,1,278,C:\Program Files (x86)\Cisco\Cisco AnyConnect Secure Mobility Client\vpnui.exe,12/9/2016 16:25,NA
INBANL-PC0EX5K3,1,279,C:\Program Files (x86)\Slack Installer\slack.exe,3/29/2016 6:59,NA
INBANL-PC0EX5K3,1,280,C:\Users\vigneshb\AppData\Local\gotomeetingmessenger\app-2.4.1\GoToMeeting Messenger.exe,7/12/2017 3:58,NA
INBANL-PC0EX5K3,1,281,C:\Users\vigneshb\AppData\Local\slack\app-2.7.0\slack.exe,8/10/2017 4:18,NA
INBANL-PC0EX5K3,1,282,C:\Program Files (x86)\Microsoft Office\root\Office16\ONENOTEM.EXE,4/3/2017 9:38,NA
INBANL-PC0EX5K3,1,283,C:\WINDOWS\SysWOW64\runonce.exe,7/16/2016 11:42,NA
INBANL-PC0EX5K3,1,284,C:\WINDOWS\SysWOW64\regsvr32.exe,6/21/2017 6:55,NA
INBANL-PC0EX5K3,1,285,C:\WINDOWS\system32\regsvr32.exe,7/16/2016 11:42,NA
INBANL-PC0EX5K3,1,286,C:\Users\vigneshb\AppData\Local\gotomeetingmessenger\Update.exe,6/7/2017 16:04,NA
INBANL-PC0EX5K3,1,287,C:\Users\vigneshb\AppData\Local\slack\Update.exe,9/12/2017 6:35,NA
INBANL-PC0EX5K3,1,288,C:\Users\vigneshb\AppData\Local\Citrix\GoToMeeting\6441\g2mlauncher.exe,4/5/2017 12:21,NA
INBANL-PC0EX5K3,1,289,C:\Users\vigneshb\AppData\Local\Citrix\GoToMeeting\6441\g2mcomm.exe,4/5/2017 12:21,NA
INBANL-PC0EX5K3,1,290,C:\Users\vigneshb\AppData\Local\Citrix\GoToMeeting\6441\g2mstart.exe,4/5/2017 12:21,NA
INBANL-PC0EX5K3,1,291,C:\Users\vigneshb\AppData\Local\Microsoft\OneDrive\OneDrive.exe,8/22/2017 14:42,NA
INBANL-PC0EX5K3,1,292,C:\Program Files\Palo Alto Networks\Traps\cytray.exe,4/4/2017 9:04,NA
INBANL-PC0EX5K3,1,293,C:\Program Files\CyberArk\Endpoint Privilege Manager\Agent\x64\vf_host.exe,7/18/2017 12:43,NA
INBANL-PC0EX5K3,1,294,C:\Program Files\Windows Defender\MSASCuiL.exe,4/27/2017 23:52,NA
INBANL-PC0EX5K3,1,295,C:\WINDOWS\CCM\SCNotification.exe,2/27/2017 23:30,NA
INBANL-PC0EX5K3,1,296,C:\WINDOWS\System32\mobsync.exe,7/16/2016 11:43,NA
INBANL-PC0EX5K3,1,297,C:\Windows\SystemApps\Microsoft.AAD.BrokerPlugin_cw5n1h2txyewy\Application,8/17/2017 11:44,NA
INBANL-PC0EX5K3,1,298,"0000000b	03e8383900000000	000a0000295b0000	8664	Microsoft.AAD.BrokerPlugin	cw5n1h2txyewy	neutral",1601-01-01 00:00:00,NA
INBANL-PC0EX5K3,1,299,C:\Windows\System32\InstallAgentUserBroker.exe,8/1/2017 18:46,NA
INBANL-PC0EX5K3,1,300,C:\Windows\System32\InstallAgent.exe,8/1/2017 18:48,NA
INBANL-PC0EX5K3,1,301,"0000000b	0006000200000000	000a00003fff0000	8664	windows.immersivecontrolpanel	cw5n1h2txyewy	neutral",1601-01-01 00:00:00,NA
INBANL-PC0EX5K3,1,302,"00000009	000a06a905150000	000a000038390000	8664	Microsoft.WindowsCalculator	8wekyb3d8bbwe	",1601-01-01 00:00:00,NA
INBANL-PC0EX5K3,1,303,C:\Program Files\Synaptics\SynTP\SynLenovoHelper.exe,11/24/2016 23:07,NA
INBANL-PC0EX5K3,1,304,C:\Program Files\Synaptics\SynTP\SynTPLpr.exe,11/24/2016 23:08,NA
INBANL-PC0EX5K3,1,305,C:\Program Files\WindowsApps\Microsoft.MicrosoftStickyNotes_1.8.0.0_x64__8wekyb3d8bbwe\Application,4/8/2017 13:38,NA
INBANL-PC0EX5K3,1,306,C:\WINDOWS\SystemApps\ShellExperienceHost_cw5n1h2txyewy\Application,7/26/2017 8:55,NA
INBANL-PC0EX5K3,1,307,C:\WINDOWS\system32\igfxTray.exe,9/12/2016 21:15,NA
INBANL-PC0EX5K3,1,308,C:\WINDOWS\system32\igfxHK.exe,9/12/2016 21:15,NA
INBANL-PC0EX5K3,1,309,C:\WINDOWS\system32\igfxEM.exe,9/12/2016 21:15,NA
INBANL-PC0EX5K3,1,310,"00000009	0001000800000000	000a00003a920000	8664	Microsoft.MicrosoftStickyNotes	8wekyb3d8bbwe	",1601-01-01 00:00:00,NA
INBANL-PC0EX5K3,1,311,"0000000b	000a000038390562	000a000038390562	8664	Microsoft.Windows.ShellExperienceHost	cw5n1h2txyewy	neutral",1601-01-01 00:00:00,NA
INBANL-PC0EX5K3,1,312,C:\WINDOWS\system32\consent.exe,7/16/2016 11:42,NA
INBANL-PC0EX5K3,1,313,C:\WINDOWS\system32\cmd.exe,7/16/2016 11:43,NA
INBANL-PC0EX5K3,1,314,C:\PROGRAM FILES\SYNAPTICS\SYNTP\SYNTPHELPER.EXE,11/24/2016 23:08,NA
INBANL-PC0EX5K3,1,315,C:\WINDOWS\system32\{A6D608F0-0BDE-491A-97AE-5C4B05D86E01}.bat,9/20/2017 4:29,NA
INBANL-PC0EX5K3,1,316,C:\WINDOWS\Explorer.EXE,7/12/2017 5:55,NA
INBANL-PC0EX5K3,1,317,C:\Windows\system32\userinit.exe,7/16/2016 11:42,NA
INBANL-PC0EX5K3,1,318,C:\Windows\System32\RuntimeBroker.exe,7/16/2016 11:42,NA
INBANL-PC0EX5K3,1,319,C:\WINDOWS\Microsoft.Net\Framework64\v3.0\WPF\PresentationFontCache.exe,6/17/2015 12:40,NA
INBANL-PC0EX5K3,1,320,C:\Program Files\Synaptics\SynFp\Shared\SensorDBSynch.exe,3/2/2016 2:36,NA
INBANL-PC0EX5K3,1,321,C:\WINDOWS\system32\sihost.exe,7/16/2016 11:42,NA
INBANL-PC0EX5K3,1,322,C:\WINDOWS\system32\gpupdate.exe,7/16/2016 11:42,NA
INBANL-PC0EX5K3,1,323,C:\WINDOWS\system32\rundll32.exe,7/16/2016 11:42,NA
INBANL-PC0EX5K3,1,324,C:\WINDOWS\System32\XblGameSaveTask.exe,7/16/2016 11:42,NA
INBANL-PC0EX5K3,1,325,C:\Program Files\Microsoft Policy Platform\policyHost.exe,9/18/2016 14:55,NA
INBANL-PC0EX5K3,1,326,\\?\C:\WINDOWS\system32\wbem\WMIADAP.EXE,7/16/2016 11:42,NA
INBANL-PC0EX5K3,1,327,C:\WINDOWS\system32\wermgr.exe,8/1/2017 19:20,NA
INBANL-PC0EX5K3,1,328,C:\WINDOWS\system32\usoclient.exe,7/16/2016 11:42,NA
INBANL-PC0EX5K3,1,329,C:\Program Files\Windows Defender\mpcmdrun.exe,8/8/2017 5:52,NA
INBANL-PC0EX5K3,1,330,C:\WINDOWS\system32\SearchIndexer.exe,8/1/2017 18:27,NA
INBANL-PC0EX5K3,1,331,C:\Program Files (x86)\Google\Update\1.3.33.5\GoogleCrashHandler64.exe,4/28/2017 9:16,NA
INBANL-PC0EX5K3,1,332,C:\Program Files (x86)\Google\Update\1.3.33.5\GoogleCrashHandler.exe,4/28/2017 9:16,NA
INBANL-PC0EX5K3,1,333,C:\WINDOWS\system32\msiexec.exe,7/16/2016 11:42,NA
INBANL-PC0EX5K3,1,334,C:\WINDOWS\CCM\RemCtrl\SccmRdpSystem.exe,2/27/2017 23:30,NA
INBANL-PC0EX5K3,1,335,C:\WINDOWS\CCM\RemCtrl\CmRcService.exe,2/27/2017 23:30,NA
INBANL-PC0EX5K3,1,336,C:\WINDOWS\CCM\CcmExec.exe,2/27/2017 23:30,NA
INBANL-PC0EX5K3,1,337,C:\WINDOWS\system32\wbem\WmiApSrv.exe,7/16/2016 11:42,NA
INBANL-PC0EX5K3,1,338,C:\WINDOWS\sysWOW64\wbem\wmiprvse.exe,7/16/2016 11:42,NA
INBANL-PC0EX5K3,1,339,C:\Program Files (x86)\VMware\VMware Workstation\vmware-hostd.exe,6/24/2015 8:20,NA
INBANL-PC0EX5K3,1,340,C:\Program Files\Microsoft SQL Server\120\DTS\Binn\MsDtsSrvr.exe,2/20/2014 23:56,NA
INBANL-PC0EX5K3,1,341,C:\Program Files\Palo Alto Networks\Traps\tlaworker.exe,4/4/2017 9:04,NA
INBANL-PC0EX5K3,1,342,C:\Program Files\NVIDIA Corporation\Display\nvxdsync.exe,12/29/2016 13:16,NA
INBANL-PC0EX5K3,1,343,C:\Program Files\Palo Alto Networks\Traps\tlaservice.exe,4/4/2017 9:04,NA
INBANL-PC0EX5K3,1,344,C:\WINDOWS\SYSWOW64\VMNAT.EXE,6/24/2015 9:00,NA
INBANL-PC0EX5K3,1,345,C:\Program Files (x86)\VMware\VMware Workstation\vmware-authd.exe,6/24/2015 7:56,NA
INBANL-PC0EX5K3,1,346,C:\Program Files (x86)\Common Files\VMware\USB\vmware-usbarbitrator64.exe,8/21/2014 2:37,NA
INBANL-PC0EX5K3,1,347,C:\WINDOWS\SYSWOW64\VMNETDHCP.EXE,6/24/2015 9:00,NA
INBANL-PC0EX5K3,1,348,C:\Program Files\Windows Defender\MsMpEng.exe,8/1/2017 19:20,NA
INBANL-PC0EX5K3,1,349,C:\Program Files\CyberArk\Endpoint Privilege Manager\Agent\vf_agent.exe,7/18/2017 12:43,NA
INBANL-PC0EX5K3,1,350,C:\WINDOWS\system32\valWbioSyncSvc.exe,3/2/2016 2:36,NA
INBANL-PC0EX5K3,1,351,C:\WINDOWS\system32\valWBFPolicyService.exe,3/2/2016 2:36,NA
INBANL-PC0EX5K3,1,352,C:\Program Files\Synaptics\SynTP\SynTPEnhService.exe,11/24/2016 23:08,NA
INBANL-PC0EX5K3,1,353,C:\Program Files\NVIDIA Corporation\Display.NvContainer\NVDisplay.Container.exe,12/29/2016 13:10,NA
INBANL-PC0EX5K3,1,354,C:\Program Files (x86)\SAManage\OcsService.exe,11/8/2011 19:50,NA
INBANL-PC0EX5K3,1,355,C:\Program Files\Palo Alto Networks\Traps\cyserver.exe,4/4/2017 9:04,NA
INBANL-PC0EX5K3,1,356,C:\Program Files (x86)\Common Files\Adobe\ARM\1.0\armsvc.exe,7/19/2017 18:20,NA
INBANL-PC0EX5K3,1,357,C:\Program Files\Palo Alto Networks\Traps\CyveraService.exe,4/4/2017 9:04,NA
INBANL-PC0EX5K3,1,358,C:\Program Files\Dolby\Dolby DAX2\DAX2_API\DolbyDAX2API.exe,1/27/2016 12:04,NA
INBANL-PC0EX5K3,1,359,C:\Program Files (x86)\LogMeIn Rescue Technician Console\LogMeInRescueTechnicianConsole_x64\LMIGuardianSvc.exe,2/10/2017 11:08,NA
INBANL-PC0EX5K3,1,360,C:\WINDOWS\system32\ibtsiva.exe,9/12/2016 21:07,NA
INBANL-PC0EX5K3,1,361,C:\Program Files\Common Files\Microsoft Shared\ClickToRun\OfficeClickToRun.exe,2/18/2017 13:58,NA
INBANL-PC0EX5K3,1,362,C:\WINDOWS\System32\spoolsv.exe,3/4/2017 6:08,NA
INBANL-PC0EX5K3,1,363,C:\Program Files (x86)\Cisco\Cisco AnyConnect Secure Mobility Client\vpnagent.exe,12/9/2016 16:24,NA
INBANL-PC0EX5K3,1,364,C:\WINDOWS\system32\UpgradeSubscription.exe,11/21/2016 1:46,NA
INBANL-PC0EX5K3,1,365,c:\windows\system32\NetCfgNotifyObjectHost.exe,11/11/2016 9:27,NA
INBANL-PC0EX5K3,1,366,C:\WINDOWS\system32\taskhostw.exe,7/16/2016 11:42,NA
INBANL-PC0EX5K3,1,367,C:\WINDOWS\system32\igfxCUIService.exe,9/12/2016 21:15,NA
INBANL-PC0EX5K3,1,368,C:\WINDOWS\system32\LPlatSvc.exe,9/6/2016 5:33,NA
INBANL-PC0EX5K3,1,369,C:\WINDOWS\system32\ibmpmsvc.exe,9/6/2016 5:33,NA
INBANL-PC0EX5K3,1,370,C:\Windows\System32\WUDFHost.exe,7/16/2016 11:42,NA
INBANL-PC0EX5K3,1,371,C:\WINDOWS\system32\dwm.exe,7/16/2016 11:42,NA
INBANL-PC0EX5K3,1,372,C:\WINDOWS\system32\lsass.exe,8/17/2017 10:50,NA
INBANL-PC0EX5K3,1,373,C:\WINDOWS\system32\services.exe,4/28/2017 0:28,NA
INBANL-PC0EX5K3,1,374,C:\WINDOWS\system32\gpscript.exe,11/21/2016 1:45,NA
INBANL-PC0EX5K3,1,375,C:\WINDOWS\system32\WerFault.exe,8/1/2017 19:21,NA
INBANL-PC0EX5K3,1,376,C:\WINDOWS\system32\compattelrunner.exe,6/3/2017 10:14,NA
INBANL-PC0EX5K3,1,377,C:\WINDOWS\System32\svchost.exe,7/16/2016 11:42,NA
INBANL-PC0EX5K3,1,378,C:\Program Files\Synaptics\SynTP\SynTPEnh.exe,11/24/2016 23:08,NA
INBANL-PC0EX5K3,1,379,C:\WINDOWS\system32\LogonUI.exe,7/16/2016 11:42,NA
INBANL-PC0EX5K3,1,380,C:\Program Files (x86)\Google\Chrome\Application\chrome.exe,8/23/2017 8:48,NA
INBANL-PC0EX5K3,1,381,C:\WINDOWS\system32\sppsvc.exe,11/21/2016 1:27,NA
INBANL-PC0EX5K3,1,382,C:\Program Files (x86)\Microsoft Office\Root\Office16\EXCEL.EXE,4/3/2017 9:38,NA
INBANL-PC0EX5K3,1,383,C:\Vicky\Tools\ConEmuSetup.161206.exe,5/24/2017 7:01,NA
INBANL-PC0EX5K3,1,384,C:\Vicky\Tools\exiftool(-k).exe,1/15/2015 14:54,NA
INBANL-PC0EX5K3,1,385,C:\Vicky\Tools\IP_Hostname_Converter.exe,4/22/2015 12:57,NA
INBANL-PC0EX5K3,1,386,C:\Vicky\Tools\nmap-7.31-setup.exe,12/8/2016 11:03,NA
INBANL-PC0EX5K3,1,387,C:\Vicky\Tools\pscp.exe,11/24/2016 9:06,NA
INBANL-PC0EX5K3,1,388,C:\Vicky\Tools\putty.exe,11/24/2016 8:50,NA
INBANL-PC0EX5K3,1,389,C:\Vicky\Tools\puttygen.exe,11/24/2016 8:53,NA
INBANL-PC0EX5K3,1,390,C:\Vicky\Tools\sharescan.exe,8/6/2012 12:12,NA
INBANL-PC0EX5K3,1,391,C:\Vicky\Tools\vlc-2.2.4-win64.exe,12/6/2016 17:20,NA
INBANL-PC0EX5K3,1,392,C:\Vicky\Tools\wget-1.11.4-1-setup.exe,7/10/2017 6:54,NA
INBANL-PC0EX5K3,1,393,C:\Vicky\Tools\Wireshark-win64-2.2.2.exe,12/2/2016 4:38,NA
INBANL-PC0EX5K3,1,394,C:\Users\vigneshb\Desktop\exiftool(-k).exe,8/10/2017 10:05,NA
INBANL-PC0EX5K3,1,395,C:\WINDOWS\system32\NOTEPAD.EXE,7/16/2016 11:42,NA
INBANL-PC0EX5K3,1,396,"00000009	07e188f7352a0000	000a00003ad70000	8664	Microsoft.Windows.Photos	8wekyb3d8bbwe	",1601-01-01 00:00:00,NA
INBANL-PC0EX5K3,1,397,C:\Program Files (x86)\Adobe\Acrobat Reader DC\Reader\AcroCEF\RdrCEF.exe,7/31/2017 22:31,NA
INBANL-PC0EX5K3,1,398,C:\Program Files (x86)\Adobe\Acrobat Reader DC\Reader\AcroRd32.exe,8/24/2017 12:10,NA
INBANL-PC0EX5K3,1,399,C:\Windows\System32\smartscreen.exe,4/27/2017 23:42,NA
INBANL-PC0EX5K3,1,400,C:\WINDOWS\system32\SearchFilterHost.exe,3/4/2017 6:30,NA
INBANL-PC0EX5K3,1,401,C:\WINDOWS\system32\SearchProtocolHost.exe,9/7/2017 5:15,NA
INBANL-PC0EX5K3,1,402,C:\Program Files\Realtek\Audio\HDA\FMAPP.exe,9/12/2016 21:12,NA
INBANL-PC0EX5K3,1,403,C:\WINDOWS\system32\AUDIODG.EXE,7/16/2016 11:42,NA
INBANL-PC0EX5K3,1,404,C:\WINDOWS\system32\DllHost.exe,7/16/2016 11:42,NA
INBANL-PC0EX5K3,1,405,C:\WINDOWS\SysWOW64\Macromed\Flash\FlashPlayerUpdateService.exe,9/20/2017 4:23,NA
INBANL-PC0EX5K3,1,406,"0000000b	00263839042a0000	000c000000000000	8664	Microsoft.MicrosoftEdge	8wekyb3d8bbwe	",1601-01-01 00:00:00,NA
INBANL-PC0EX5K3,1,407,C:\Program Files (x86)\Google\Update\GoogleUpdate.exe,4/3/2017 9:56,NA
INBANL-PC0EX5K3,1,408,C:\WINDOWS\CCM\UpdateTrustedSites.exe,2/27/2017 23:30,NA
INBANL-PC0EX5K3,1,409,C:\WINDOWS\system32\wbem\wmiprvse.exe,7/16/2016 11:42,NA
INBANL-PC0EX5K3,1,410,"0000000b	0001000700003839	000a000038390000	8664	Microsoft.Windows.Cortana	cw5n1h2txyewy	neutral",1601-01-01 00:00:00,NA
INBANL-PC0EX5K3,1,411,C:\Windows\SystemApps\Microsoft.Windows.Cortana_cw5n1h2txyewy\Application,8/17/2017 11:44,NA
INBANL-PC0EX5K3,1,412,"0000000b	0001000700003839	000a0000383901bf	8664	Microsoft.Windows.Cortana	cw5n1h2txyewy	neutral",1601-01-01 00:00:00,NA
