Hostname,URL,Title,Visit Time,Visit Count,Visited From,Visit Type,Web Browser,User Profile,Browser Profile,URL Length,Typed Count
INBANL-PC0EAQF5,about:blank,,10/4/2017 17:08,28,,,Internet Explorer 10/11 / Edge,dharanidharanss,,11,
INBANL-PC0EAQF5,about:blank,,10/10/2017 9:26,1161,,,Internet Explorer 10/11 / Edge,dharanidharanss,,11,
INBANL-PC0EAQF5,file:///C:/Users/dharanidharanss,,10/10/2017 10:22,1,,,Internet Explorer 10/11 / Edge,dharanidharanss,,25,
INBANL-PC0EAQF5,file:///C:/Users/dharanidharanss/Desktop,,10/10/2017 10:21,1,,,Internet Explorer 10/11 / Edge,dharanidharanss,,33,
INBANL-PC0EAQF5,file:///C:/Users/dharanidharanss/Desktop/amplitude_users%20(1).csv,,10/2/2017 20:51,3,,,Internet Explorer 10/11 / Edge,dharanidharanss,,59,
INBANL-PC0EAQF5,file:///C:/Users/dharanidharanss/Desktop/amplitude_users.csv,,10/2/2017 19:24,1,,,Internet Explorer 10/11 / Edge,dharanidharanss,,53,
INBANL-PC0EAQF5,file:///C:/Users/dharanidharanss/Desktop/Budget.txt,,10/4/2017 10:01,8,,,Internet Explorer 10/11 / Edge,dharanidharanss,,44,
INBANL-PC0EAQF5,file:///C:/Users/dharanidharanss/Desktop/Capture.PNG,,10/5/2017 19:08,2,,,Internet Explorer 10/11 / Edge,dharanidharanss,,45,
INBANL-PC0EAQF5,file:///C:/Users/dharanidharanss/Desktop/CISO-Tips-Balancing-the-hero-with-the-storyteller.pdf,,10/4/2017 15:47,1,,,Internet Explorer 10/11 / Edge,dharanidharanss,,87,
INBANL-PC0EAQF5,file:///C:/Users/dharanidharanss/Desktop/CISO-Tips-Speaking-the-Language-of-Business.pdf,,10/4/2017 17:17,2,,,Internet Explorer 10/11 / Edge,dharanidharanss,,81,
INBANL-PC0EAQF5,file:///C:/Users/dharanidharanss/Desktop/CLS/CLS.txt,,10/5/2017 10:46,2,,,Internet Explorer 10/11 / Edge,dharanidharanss,,45,
INBANL-PC0EAQF5,file:///C:/Users/dharanidharanss/Desktop/EDR.JPG,,10/6/2017 15:31,3,,,Internet Explorer 10/11 / Edge,dharanidharanss,,41,
INBANL-PC0EAQF5,file:///C:/Users/dharanidharanss/Desktop/EDRmarketrevenuerunrate.gif,,10/6/2017 17:28,4,,,Internet Explorer 10/11 / Edge,dharanidharanss,,61,
INBANL-PC0EAQF5,file:///C:/Users/dharanidharanss/Desktop/Emerging_model.JPG,,10/6/2017 17:30,4,,,Internet Explorer 10/11 / Edge,dharanidharanss,,52,
INBANL-PC0EAQF5,file:///C:/Users/dharanidharanss/Desktop/Garuda%20to%20VM(CIRCUIT)/Garuda%20Documentation.docx,,10/9/2017 11:34,2,,,Internet Explorer 10/11 / Edge,dharanidharanss,,87,
INBANL-PC0EAQF5,file:///C:/Users/dharanidharanss/Desktop/innovation.txt,,10/8/2017 11:32,1,,,Internet Explorer 10/11 / Edge,dharanidharanss,,48,
INBANL-PC0EAQF5,file:///C:/Users/dharanidharanss/Desktop/Lean%20Canvas%20Template.pptx,,10/7/2017 21:47,4,,,Internet Explorer 10/11 / Edge,dharanidharanss,,63,
INBANL-PC0EAQF5,file:///C:/Users/dharanidharanss/Desktop/lnk.csv,,10/10/2017 10:46,1,,,Internet Explorer 10/11 / Edge,dharanidharanss,,41,
INBANL-PC0EAQF5,file:///C:/Users/dharanidharanss/Desktop/managedendpointsecurityservices2.gif,,10/9/2017 10:33,5,,,Internet Explorer 10/11 / Edge,dharanidharanss,,70,
INBANL-PC0EAQF5,file:///C:/Users/dharanidharanss/Desktop/Miscellaneous/CV_Vignesh_Balakrishnan.docx,,10/2/2017 10:25,24,,,Internet Explorer 10/11 / Edge,dharanidharanss,,76,
INBANL-PC0EAQF5,file:///C:/Users/dharanidharanss/Desktop/Miscellaneous/CV_Vignesh_Balakrishnan.pdf,,10/4/2017 23:28,14,,,Internet Explorer 10/11 / Edge,dharanidharanss,,75,
INBANL-PC0EAQF5,file:///C:/Users/dharanidharanss/Desktop/My_Ideas.xlsx,,10/7/2017 17:04,12,,,Internet Explorer 10/11 / Edge,dharanidharanss,,47,
INBANL-PC0EAQF5,file:///C:/Users/dharanidharanss/Desktop/new_location.csv,,10/2/2017 20:51,4,,,Internet Explorer 10/11 / Edge,dharanidharanss,,50,
INBANL-PC0EAQF5,file:///C:/Users/dharanidharanss/Desktop/recentfilesview.zip,,10/10/2017 9:45,1,,,Internet Explorer 10/11 / Edge,dharanidharanss,,53,
INBANL-PC0EAQF5,file:///C:/Users/dharanidharanss/Desktop/Resume.docx,,10/3/2017 13:33,1,,,Internet Explorer 10/11 / Edge,dharanidharanss,,45,
INBANL-PC0EAQF5,file:///C:/Users/dharanidharanss/Desktop/Siofra-Research-Tool-Cybereason.pdf,,10/4/2017 15:13,1,,,Internet Explorer 10/11 / Edge,dharanidharanss,,69,
INBANL-PC0EAQF5,file:///C:/Users/dharanidharanss/Desktop/us-15-Metcalf-Red-Vs-Blue-Modern-Active-Directory-Attacks-Detection-And-Protection-wp.pdf,,10/2/2017 10:27,1,,,Internet Explorer 10/11 / Edge,dharanidharanss,,123,
INBANL-PC0EAQF5,file:///C:/Users/dharanidharanss/Desktop/WFA.zip,,10/10/2017 10:57,1,,,Internet Explorer 10/11 / Edge,dharanidharanss,,41,
INBANL-PC0EAQF5,file:///C:/Users/dharanidharanss/Downloads/EDR.pptx,,10/4/2017 16:24,1,,,Internet Explorer 10/11 / Edge,dharanidharanss,,44,
INBANL-PC0EAQF5,file:///C:/Users/dharanidharanss/Downloads/processlist_INBANL-PC0EX5K3.csv,,10/9/2017 11:48,1,,,Internet Explorer 10/11 / Edge,dharanidharanss,,67,
INBANL-PC0EAQF5,file:///C:/Users/dharanidharanss/Downloads/Rec%2010-09-17/Rec%2010-09-17.avi,,10/10/2017 9:27,1,,,Internet Explorer 10/11 / Edge,dharanidharanss,,69,
INBANL-PC0EAQF5,file:///C:/Users/dharanidharanss/Downloads/wft_v3.0.01_nc.zip,,10/10/2017 10:56,1,,,Internet Explorer 10/11 / Edge,dharanidharanss,,54,
INBANL-PC0EAQF5,file:///C:/Users/dharanidharanss/Evidence_INBANL-PC0EX5K3/environmentvariables_INBANL-PC0EX5K3_dharanidharanss.txt,,10/10/2017 12:24,2,,,Internet Explorer 10/11 / Edge,dharanidharanss,,100,
INBANL-PC0EAQF5,file:///C:/Users/dharanidharanss/Evidence_INBANL-PC0EX5K3/Lateral_Movement_Logs/RDP_Connections_from_dharanidharanss_profile.txt,,10/6/2017 15:50,6,,,Internet Explorer 10/11 / Edge,dharanidharanss,,114,
INBANL-PC0EAQF5,file:///C:/Users/dharanidharanss/Evidence_INBANL-PC0EX5K3/Lateral_Movement_Logs/RUN_Keys_Typed_by_dharanidharanss.txt,,10/10/2017 12:24,3,,,Internet Explorer 10/11 / Edge,dharanidharanss,,103,
INBANL-PC0EAQF5,file:///C:/Users/dharanidharanss/Evidence_INBANL-PC0EX5K3/Malware_Persistence_Location/Persistence_Location_ImageFileExecution.txt,,10/6/2017 15:47,1,,,Internet Explorer 10/11 / Edge,dharanidharanss,,123,
INBANL-PC0EAQF5,file:///C:/Users/dharanidharanss/Evidence_INBANL-PC0EX5K3/Malware_Persistence_Location/Persistence_Location_InstalledServices.txt,,10/6/2017 15:46,1,,,Internet Explorer 10/11 / Edge,dharanidharanss,,122,
INBANL-PC0EAQF5,file:///C:/Users/dharanidharanss/Evidence_INBANL-PC0EX5K3/Malware_Persistence_Location/Persistence_Location_Run.txt,,10/6/2017 15:51,3,,,Internet Explorer 10/11 / Edge,dharanidharanss,,108,
INBANL-PC0EAQF5,file:///C:/Users/dharanidharanss/Evidence_INBANL-PC0EX5K3/Malware_Persistence_Location/Persistence_Location_RunOnce.txt,,10/6/2017 15:46,1,,,Internet Explorer 10/11 / Edge,dharanidharanss,,112,
INBANL-PC0EAQF5,file:///C:/Users/dharanidharanss/Evidence_INBANL-PC0EX5K3/processlist_INBANL-PC0EX5K3.csv,,10/10/2017 11:42,10,,,Internet Explorer 10/11 / Edge,dharanidharanss,,82,
INBANL-PC0EAQF5,file:///C:/Users/dharanidharanss/Evidence_INBANL-PC0EX5K3/services_INBANL-PC0EX5K3.csv,,10/10/2017 11:38,3,,,Internet Explorer 10/11 / Edge,dharanidharanss,,79,
INBANL-PC0EAQF5,file:///C:/Users/dharanidharanss/Evidence_INBANL-PC0EX5K3/Software_list_INBANL-PC0EX5K3.txt,,10/6/2017 15:57,2,,,Internet Explorer 10/11 / Edge,dharanidharanss,,84,
INBANL-PC0EAQF5,file:///C:/Users/dharanidharanss/installed.csv,,10/6/2017 17:13,3,,,Internet Explorer 10/11 / Edge,dharanidharanss,,39,
INBANL-PC0EAQF5,file:///C:/Users/dharanidharanss/output.csv,,10/9/2017 12:58,1,,,Internet Explorer 10/11 / Edge,dharanidharanss,,36,
INBANL-PC0EAQF5,file:///C:/Users/dharanidharanss/redline,,10/10/2017 10:22,2,,,Internet Explorer 10/11 / Edge,dharanidharanss,,33,
INBANL-PC0EAQF5,file:///C:/Users/dharanidharanss/redline/Readme.txt,,10/10/2017 10:25,1,,,Internet Explorer 10/11 / Edge,dharanidharanss,,44,
INBANL-PC0EAQF5,http://4718857.fls.doubleclick.net/activityi;src=4718857;type=knowl0;cat=;ord=8072255735477.061?,,10/8/2017 11:16,1,,,Internet Explorer 10/11 / Edge,dharanidharanss,,96,
INBANL-PC0EAQF5,http://bit.ly/2xUlwPy,,10/6/2017 16:49,5,,,Internet Explorer 10/11 / Edge,dharanidharanss,,21,
INBANL-PC0EAQF5,http://blogs.gartner.com/avivah-litan/2017/03/15/morphing-edr-market-grows-to-1-5-billion-in-2020/,,10/9/2017 10:36,2,,,Internet Explorer 10/11 / Edge,dharanidharanss,,98,
INBANL-PC0EAQF5,http://blogs.gartner.com/avivah-litan/2017/03/15/morphing-edr-market-grows-to-1-5-billion-in-2020/,,10/8/2017 11:17,1285,,,Internet Explorer 10/11 / Edge,dharanidharanss,,98,
INBANL-PC0EAQF5,http://platform.twitter.com/widgets/tweet_button.b7974b8ae7c1ae9cc22c4e8064c094ca.en.html,,10/9/2017 10:36,2,,,Internet Explorer 10/11 / Edge,dharanidharanss,,89,
INBANL-PC0EAQF5,http://staticxx.facebook.com/connect/xd_arbiter/r/Z2duorNoYeF.js?version=42,,10/9/2017 10:36,3,,,Internet Explorer 10/11 / Edge,dharanidharanss,,75,
INBANL-PC0EAQF5,http://www.microsoft.com/,,10/4/2017 17:08,4,,,Internet Explorer 10/11 / Edge,dharanidharanss,,25,
INBANL-PC0EAQF5,http://www.microsoft.com/,,10/4/2017 17:08,15,,,Internet Explorer 10/11 / Edge,dharanidharanss,,25,
INBANL-PC0EAQF5,http://www.prnewswire.com/news-releases/endpoint-detection-and-response-edr-market-to-grow-at-a-cagr-of-25-by-2021-increasing-instances-of-enterprise-endpoint-targeted-attacks---research-and-markets-300405030.html,,10/8/2017 11:16,107,,,Internet Explorer 10/11 / Edge,dharanidharanss,,213,
INBANL-PC0EAQF5,http://www.prnewswire.com/news-releases/endpoint-detection-and-response-edr-market-to-grow-at-a-cagr-of-25-by-2021-increasing-instances-of-enterprise-endpoint-targeted-attacks---research-and-markets-300405030.html,,10/8/2017 11:17,1,,,Internet Explorer 10/11 / Edge,dharanidharanss,,213,
INBANL-PC0EAQF5,https://a3698060313.cdn.optimizely.com/client_storage/a3698060313.html,,10/4/2017 17:08,11,,,Internet Explorer 10/11 / Edge,dharanidharanss,,70,
INBANL-PC0EAQF5,https://accounts.google.com/o/oauth2/postmessageRelay?parent=http%3A%2F%2Fblogs.gartner.com&jsh=m%3B%2F_%2Fscs%2Fapps-static%2F_%2Fjs%2Fk%3Doz.gapi.en_GB.ZyCrM45uDls.O%2Fm%3D__features__%2Fam%3DAQ%2Frt%3Dj%2Fd%3D1%2Frs%3DAGLTcCM5zhqPN3lxsxIfpNwhmuJrHsERNw,,10/9/2017 10:36,2,,,Internet Explorer 10/11 / Edge,dharanidharanss,,255,
INBANL-PC0EAQF5,https://accounts.google.com/o/oauth2/postmessageRelay?parent=https%3A%2F%2Fdocs.google.com&jsh=m%3B%2F_%2Fscs%2Fabc-static%2F_%2Fjs%2Fk%3Dgapi.gapi.en.ZPSwvoEq44A.O%2Fm%3D__features__%2Fam%3DAAg%2Frt%3Dj%2Fd%3D1%2Frs%3DAHpOoo8-JL5R4cxPdwFdZ0Yu3_ek27rKCQ,,10/8/2017 8:50,3,,,Internet Explorer 10/11 / Edge,dharanidharanss,,253,
INBANL-PC0EAQF5,https://accounts.google.com/o/oauth2/postmessageRelay?parent=https%3A%2F%2Fdrive.google.com&jsh=m%3B%2F_%2Fscs%2Fabc-static%2F_%2Fjs%2Fk%3Dgapi.gapi.en.ZPSwvoEq44A.O%2Fm%3D__features__%2Fam%3DAAg%2Frt%3Dj%2Fd%3D1%2Frs%3DAHpOoo8-JL5R4cxPdwFdZ0Yu3_ek27rKCQ,,10/10/2017 9:26,1,,,Internet Explorer 10/11 / Edge,dharanidharanss,,254,
INBANL-PC0EAQF5,https://apis.google.com/se/0/_/+1/fastbutton?usegapi=1&size=medium&origin=http%3A%2F%2Fblogs.gartner.com&url=http%3A%2F%2Fblogs.gartner.com%2Favivah-litan%2F2017%2F03%2F15%2Fmorphing-edr-market-grows-to-1-5-billion-in-2020%2F&gsrc=3p&ic=1&jsh=m%3B%2F_%2Fscs%2Fapps-static%2F_%2Fjs%2Fk%3Doz.gapi.en_GB.ZyCrM45uDls.O%2Fm%3D__features__%2Fam%3DAQ%2Frt%3Dj%2Fd%3D1%2Frs%3DAGLTcCM5zhqPN3lxsxIfpNwhmuJrHsERNw,,10/9/2017 10:36,2,,,Internet Explorer 10/11 / Edge,dharanidharanss,,402,
INBANL-PC0EAQF5,https://app2.clarizen.com/Clarizen/Pages/Service/Login.aspx?ReturnUrl=%2fClarizen%2fObjectDetails%2fIndex%2f8.8230183745.23734337%2f,,10/3/2017 13:09,7,,,Internet Explorer 10/11 / Edge,dharanidharanss,,132,
INBANL-PC0EAQF5,https://app2.clarizen.com/Clarizen/Pages/Service/Login.aspx?ReturnUrl=%2fClarizen%2fObjectDetails%2fIndex%2f8.8230183745.23734337%2f,,10/3/2017 13:09,1484,,,Internet Explorer 10/11 / Edge,dharanidharanss,,132,
INBANL-PC0EAQF5,https://audio-usability.cdn.getgo.com/2.0/index.html?epver=8.13.7713&product=g2m&locale=en,,10/6/2017 1:00,1,,,Internet Explorer 10/11 / Edge,dharanidharanss,,90,
INBANL-PC0EAQF5,https://authentication.citrixonline.com/oob?code=eyJraWQiOiJvYXV0aHYyLmxtaS5jb20uMDIxOSIsImFsZyI6IlJTNTEyIn0.eyJzdWIiOiI5MjIxMTQ1OTAzODA3Njc0MzczIiwiYXVkIjoiN2RjOTlkOTctMTY5NS00MjhlLWJiOTItZjhhOGJkMzEzYzRjIiwiZW1sIjoidmlnbmVzaC5iYWxha3Jpc2huYW5AbG9nbWVpbi5jb20iLCJpc3MiOiJ1cm46Y2l0cml4Lm9hdXRoOmNvZGUiLCJleHAiOjE1MDcwMzk3MzgsInVyaSI6InVybjppZXRmOndnOm9hdXRoOjIuMDpvb2IiLCJpYXQiOjE1MDcwMzkxMzgsImp0aSI6IjI2ODYwMDVjLWE3ZDQtNGIyMy1hYmUyLTIxMWYxZTFhMzlmMyIsImxvYSI6Mn0.WdbjdmcVnwnaKiFQbrUYaq0SWsIYhyYmmbNaptd4gu_AoEO0rWvpxzih8qFFhTj9dVwc-9qR4bWtwq2U3-IaYzrNLu7S4mbBeuSnq7GCOVKz6iurNir4YQMk5WpLnQO7Vy-BYbnWl8kXU5Qljfi1TWweGk48Os92X-afPGVxjkm8simCuWbITSoCBZYwYOVjeASDwExlJYNBZj2RSf-CajtyKiBJDGc5aUeAZrEF-rovRTWeFS0Lsc-66WRMOr5t302aUZ10aRWS57FPDtoA1nxjeMgNzWdxKV2hFYDn-JykYS_OnqORDbW2O-lakEhTxa74a68Nqos7_V1rNyiKNw&state=DC8D0B63-AF31-4DAB-A028-D3FB227BE013,,10/3/2017 19:28,1,,,Internet Explorer 10/11 / Edge,dharanidharanss,,850,
INBANL-PC0EAQF5,https://authentication.citrixonline.com/oob?code=eyJraWQiOiJvYXV0aHYyLmxtaS5jb20uMDIxOSIsImFsZyI6IlJTNTEyIn0.eyJzdWIiOiI5MjIxMTQ1OTAzODA3Njc0MzczIiwiYXVkIjoiN2RjOTlkOTctMTY5NS00MjhlLWJiOTItZjhhOGJkMzEzYzRjIiwiZW1sIjoidmlnbmVzaC5iYWxha3Jpc2huYW5AbG9nbWVpbi5jb20iLCJpc3MiOiJ1cm46Y2l0cml4Lm9hdXRoOmNvZGUiLCJleHAiOjE1MDY5NTM2OTYsInVyaSI6InVybjppZXRmOndnOm9hdXRoOjIuMDpvb2IiLCJpYXQiOjE1MDY5NTMwOTYsImp0aSI6IjM1NmFjZWVmLTMyYjAtNDg3Ny1iYzg5LWE3Yzk2ZmNhZGVmMyIsImxvYSI6Mn0.i4I_aHqehyZmaD19MMa10nEPrxHn8X70IPD4V0SSi-MHpFd9NySNMRqNauUQn2-YV5hHBznJLW43CnJHmOVmVwBJdHgxsgtxxVTMdEyu1nGcVwGNDxGmuPyfDaE5hT7pJfytJk3mYxMPCYU3O4ZnCZaxQKVsqcWfJ0aKCHIB9ipILEDCu_wHn8d6Ehzr2hPFaQ_-Jb6NXgpR9718pFMYcqpsZrWXN0koJkHXtu1ItReFyuvVS68E8QbMwVwtYDov4eHa3HkmZ2mw3NihgVa1I-GKHC0v0hD5d5gpyPE9b5L55Js9R3HoJN_YkQXDk1UZC8KeyJtHOzgTsJy9DRdZ_Q&state=9FF2478A-BE54-4B60-9CD1-F42387AE585F,,10/2/2017 19:34,1,,,Internet Explorer 10/11 / Edge,dharanidharanss,,850,
INBANL-PC0EAQF5,https://authentication.logmeininc.com/login?service=https%3A%2F%2Fauthentication.citrixonline.com%2Foauth%2Fauthorize%3Fresponse_type%3Dtoken%26client_id%3Da3f8c466-be7b-4e6c-b539-c688fa06afb7%26redirect_uri%3Dhttps%253A%252F%252Fmessenger.gotomeeting.com%252F%26scope%3Dsocial-graph%26login_theme%3Dg2m&theme=g2m,,10/9/2017 9:56,2,,,Internet Explorer 10/11 / Edge,dharanidharanss,,313,
INBANL-PC0EAQF5,https://authentication.logmeininc.com/login?service=https%3A%2F%2Fauthentication.citrixonline.com%2Foauth%2Fauthorize%3Fresponse_type%3Dtoken%26client_id%3Da3f8c466-be7b-4e6c-b539-c688fa06afb7%26redirect_uri%3Dhttps%253A%252F%252Fmessenger.gotomeeting.com%252F%26scope%3Dsocial-graph%26login_theme%3Dg2m&theme=g2m,,10/9/2017 9:56,17,,,Internet Explorer 10/11 / Edge,dharanidharanss,,313,
INBANL-PC0EAQF5,https://c1.microsoft.com/c.gif?DI=4050&did=1&t=,,10/9/2017 12:40,1,,,Internet Explorer 10/11 / Edge,dharanidharanss,,47,
INBANL-PC0EAQF5,https://clients6.google.com/static/proxy.html?usegapi=1&jsh=m%3B%2F_%2Fscs%2Fabc-static%2F_%2Fjs%2Fk%3Dgapi.gapi.en.ZPSwvoEq44A.O%2Fm%3D__features__%2Fam%3DAAg%2Frt%3Dj%2Fd%3D1%2Frs%3DAHpOoo8-JL5R4cxPdwFdZ0Yu3_ek27rKCQ,,10/10/2017 9:26,1,,,Internet Explorer 10/11 / Edge,dharanidharanss,,218,
INBANL-PC0EAQF5,https://confluence.ops.expertcity.com/display/COT/Upgrading+NetScaler+License,,10/6/2017 23:11,8,,,Internet Explorer 10/11 / Edge,dharanidharanss,,77,
INBANL-PC0EAQF5,https://docs.google.com/sharing/init?id=1mT0qwpxLjNIi2lC8VpPZF4-Yl-Jo9PAPJSJ4tfMUAIk&foreignService=ritz&gaiaService=wise&shareService=ritz&subapp=10&popupWindowsEnabled=true&shareUiType=default&hl=en&authuser=0&rand=1507288767434,,10/6/2017 16:49,1,,,Internet Explorer 10/11 / Edge,dharanidharanss,,230,
INBANL-PC0EAQF5,https://docs.google.com/sharing/init?id=1mT0qwpxLjNIi2lC8VpPZF4-Yl-Jo9PAPJSJ4tfMUAIk&foreignService=ritz&gaiaService=wise&shareService=ritz&subapp=10&popupWindowsEnabled=true&shareUiType=default&hl=en&authuser=0&rand=1507432803069,,10/8/2017 8:50,1,,,Internet Explorer 10/11 / Edge,dharanidharanss,,230,
INBANL-PC0EAQF5,https://docs.google.com/sharing/init?id=1vycYW7wIqgAVtkPBWCoi1nugtusr3YbqUo08jWEY8FE&foreignService=ritz&gaiaService=wise&shareService=ritz&subapp=10&popupWindowsEnabled=true&shareUiType=default&hl=en&authuser=0&rand=1507089923542,,10/4/2017 9:35,1,,,Internet Explorer 10/11 / Edge,dharanidharanss,,230,
INBANL-PC0EAQF5,https://docs.google.com/spreadsheets/d/1mT0qwpxLjNIi2lC8VpPZF4-Yl-Jo9PAPJSJ4tfMUAIk/edit,,10/6/2017 16:49,2860,,,Internet Explorer 10/11 / Edge,dharanidharanss,,88,
INBANL-PC0EAQF5,https://docs.google.com/spreadsheets/d/1mT0qwpxLjNIi2lC8VpPZF4-Yl-Jo9PAPJSJ4tfMUAIk/edit?usp=sharing,,10/6/2017 16:49,20,,,Internet Explorer 10/11 / Edge,dharanidharanss,,100,
INBANL-PC0EAQF5,https://docs.google.com/spreadsheets/d/1mT0qwpxLjNIi2lC8VpPZF4-Yl-Jo9PAPJSJ4tfMUAIk/edit?usp=sharing,,10/8/2017 8:49,2,,,Internet Explorer 10/11 / Edge,dharanidharanss,,100,
INBANL-PC0EAQF5,https://docs.google.com/spreadsheets/d/1vycYW7wIqgAVtkPBWCoi1nugtusr3YbqUo08jWEY8FE/edit,,10/4/2017 9:43,397,,,Internet Explorer 10/11 / Edge,dharanidharanss,,88,
INBANL-PC0EAQF5,https://docs.google.com/spreadsheets/d/1vycYW7wIqgAVtkPBWCoi1nugtusr3YbqUo08jWEY8FE/edit,,10/4/2017 9:35,5,,,Internet Explorer 10/11 / Edge,dharanidharanss,,88,
INBANL-PC0EAQF5,https://drive.google.com/drive/folders/0B7dCBKJB-7qJMEx4T2Z3RWNGaFU,,10/10/2017 9:26,1,,,Internet Explorer 10/11 / Edge,dharanidharanss,,67,
INBANL-PC0EAQF5,https://drive.google.com/drive/folders/0B7dCBKJB-7qJMEx4T2Z3RWNGaFU,,10/10/2017 9:26,311,,,Internet Explorer 10/11 / Edge,dharanidharanss,,67,
INBANL-PC0EAQF5,https://drive.google.com/drive/folders/0B7dCBKJB-7qJMEx4T2Z3RWNGaFU?usp=sharing_eip&ts=59dc2b9b,,10/10/2017 9:26,9,,,Internet Explorer 10/11 / Edge,dharanidharanss,,95,
INBANL-PC0EAQF5,https://fs1.logmeincorp.com/adfs/ls/?login_hint=vignesh.balakrishnan%40logmein.com&client-request-id=ee8bec77-7612-4a63-9640-eaa73c22ceb1&username=vignesh.balakrishnan%40logmein.com&wa=wsignin1.0&wtrealm=urn%3afederation%3aMicrosoftOnline&wctx=estsredirect%3d2%26estsrequest%3drQIIAeMSKjPUM9AzMjAzAhKGZoZGhsZazIZ6hlYqKcamlgapKWa6pkZJxromhgZGuompaWm6iYkpRkaWRolJBobJRUJcAuVvut8JlSV7TXN4tdxG6dzGVYySpUV5VpmpJWlW5elW-YmlJRlWRnoGVvn5STsYGS8wMk5iUijLTM9LLc7QS0rMScwuyizOyEvMc8jJT89NzczTS87PvcDEeIuJ398RqNcIROQXZValrmKWyygpKSi20tfPLy3Jyc_P1stPS8tMTjU2MwVp0t_EzAakcvPzbjAzXmBhfMUizcEowCDRJ6Cw9-g5Tg0OA2YrTg4uoMjOAgWGHyyMi1iB7q_farp9uvFMtx7enZGXA70YTrHqWzoWBlalOpWXh0cWW3r5G_pk-FZZRJkX5gQWBpmUZicau7okZUdWBLhn-NpaWhlOYGM8xcYanplnbLSLE7fnAQ2,,10/3/2017 10:19,1,,,Internet Explorer 10/11 / Edge,dharanidharanss,,732,
INBANL-PC0EAQF5,https://fs1.logmeincorp.com/adfs/ls/wia?login_hint=vignesh.balakrishnan%40logmein.com&client-request-id=ee8bec77-7612-4a63-9640-eaa73c22ceb1&username=vignesh.balakrishnan%40logmein.com&wa=wsignin1.0&wtrealm=urn%3afederation%3aMicrosoftOnline&wctx=estsredirect%3d2%26estsrequest%3drQIIAeMSKjPUM9AzMjAzAhKGZoZGhsZazIZ6hlYqKcamlgapKWa6pkZJxromhgZGuompaWm6iYkpRkaWRolJBobJRUJcAuVvut8JlSV7TXN4tdxG6dzGVYySpUV5VpmpJWlW5elW-YmlJRlWRnoGVvn5STsYGS8wMk5iUijLTM9LLc7QS0rMScwuyizOyEvMc8jJT89NzczTS87PvcDEeIuJ398RqNcIROQXZValrmKWyygpKSi20tfPLy3Jyc_P1stPS8tMTjU2MwVp0t_EzAakcvPzbjAzXmBhfMUizcEowCDRJ6Cw9-g5Tg0OA2YrTg4uoMjOAgWGHyyMi1iB7q_farp9uvFMtx7enZGXA70YTrHqWzoWBlalOpWXh0cWW3r5G_pk-FZZRJkX5gQWBpmUZicau7okZUdWBLhn-NpaWhlOYGM8xcYanplnbLSLE7fnAQ2,,10/3/2017 10:34,8,,,Internet Explorer 10/11 / Edge,dharanidharanss,,735,
INBANL-PC0EAQF5,https://jira.ops.expertcity.com/login.jsp,,10/10/2017 10:33,1,,,Internet Explorer 10/11 / Edge,dharanidharanss,,41,
INBANL-PC0EAQF5,https://jira.ops.expertcity.com/login.jsp?os_destination=%2Fprojects%2FTSD%2Fqueues%2Fcustom%2F28%2FTSD-135653&permissionViolation=true,,10/10/2017 10:33,17,,,Internet Explorer 10/11 / Edge,dharanidharanss,,135,
INBANL-PC0EAQF5,https://jira.ops.expertcity.com/login.jsp?os_destination=%2Fprojects%2FTSD%2Fqueues%2Fcustom%2F28%2FTSD-135653&permissionViolation=true,,10/10/2017 10:33,1,,,Internet Explorer 10/11 / Edge,dharanidharanss,,135,
INBANL-PC0EAQF5,https://jira.ops.expertcity.com/projects/TSD/queues/custom/28,,10/10/2017 11:01,1,,,Internet Explorer 10/11 / Edge,dharanidharanss,,61,
INBANL-PC0EAQF5,https://jira.ops.expertcity.com/projects/TSD/queues/custom/28/TSD-135653,,10/10/2017 10:32,20,,,Internet Explorer 10/11 / Edge,dharanidharanss,,72,
INBANL-PC0EAQF5,https://jira.ops.expertcity.com/projects/TSD/queues/custom/28/TSD-135653,,10/10/2017 10:33,1,,,Internet Explorer 10/11 / Edge,dharanidharanss,,72,
INBANL-PC0EAQF5,https://jira.ops.expertcity.com/projects/TSD/queues/custom/28/TSD-138002,,10/10/2017 10:34,168,,,Internet Explorer 10/11 / Edge,dharanidharanss,,72,
INBANL-PC0EAQF5,https://login.citrixonline.com/login?service=https%3A%2F%2Fauthentication.citrixonline.com%2Foauth%2Fauthorize%3Fclient_id%3D7dc99d97-1695-428e-bb92-f8a8bd313c4c%26redirect_uri%3Durn%253aietf%253awg%253aoauth%253a2.0%253aoob%26response_type%3Dcode%26state%3D9FF2478A-BE54-4B60-9CD1-F42387AE585F%26login_theme%3Dg2mEndpoint%26locale%3Den&theme=g2mEndpoint,,10/2/2017 19:34,4,,,Internet Explorer 10/11 / Edge,dharanidharanss,,354,
INBANL-PC0EAQF5,https://login.citrixonline.com/login?service=https%3A%2F%2Fauthentication.citrixonline.com%2Foauth%2Fauthorize%3Fclient_id%3D7dc99d97-1695-428e-bb92-f8a8bd313c4c%26redirect_uri%3Durn%253aietf%253awg%253aoauth%253a2.0%253aoob%26response_type%3Dcode%26state%3DDC8D0B63-AF31-4DAB-A028-D3FB227BE013%26login_theme%3Dg2mEndpoint%26locale%3Den&theme=g2mEndpoint,,10/3/2017 19:28,2,,,Internet Explorer 10/11 / Edge,dharanidharanss,,354,
INBANL-PC0EAQF5,https://login.microsoftonline.com/common/oauth2/authorize?response_type=code&client_id=d3590ed6-52b3-4102-aeff-aad2292ab01c&redirect_uri=urn%3aietf%3awg%3aoauth%3a2.0%3aoob&resource=https%3a%2f%2foutlook.office365.com%2f&msafed=0&nux=1&login_hint=vignesh.balakrishnan%40logmein.com,,10/3/2017 10:19,1,,,Internet Explorer 10/11 / Edge,dharanidharanss,,281,
INBANL-PC0EAQF5,https://login.microsoftonline.com/common/oauth2/authorize?response_type=code&client_id=d3590ed6-52b3-4102-aeff-aad2292ab01c&redirect_uri=urn%3aietf%3awg%3aoauth%3a2.0%3aoob&resource=https%3a%2f%2foutlook.office365.com%2f&msafed=0&nux=1&login_hint=vignesh.balakrishnan%40logmein.com&sso_nonce=AQABAAAAAAABlDrqfEFlSaui6xnRjX5ECxiVCoZsfdrf9PV-s1VGAslk2C6pLMlR_iSDhw-RQGlxwzWabjUlW2R_rvqlCwwcqDC2gSc7DTlLhkyAM6tb5CAA&mscrid=ee8bec77-7612-4a63-9640-eaa73c22ceb1,,10/3/2017 10:19,1,,,Internet Explorer 10/11 / Edge,dharanidharanss,,456,
INBANL-PC0EAQF5,https://login.microsoftonline.com/login.srf?client-request-id=ee8bec77-7612-4a63-9640-eaa73c22ceb1,,10/3/2017 10:34,1,,,Internet Explorer 10/11 / Edge,dharanidharanss,,98,
INBANL-PC0EAQF5,https://login.windows.net/common/oauth2/authorize?response_type=code&client_id=d3590ed6-52b3-4102-aeff-aad2292ab01c&redirect_uri=urn%3aietf%3awg%3aoauth%3a2.0%3aoob&resource=https%3a%2f%2foutlook.office365.com%2f&msafed=0&nux=1&login_hint=vignesh.balakrishnan%40logmein.com,,10/3/2017 10:19,1,,,Internet Explorer 10/11 / Edge,dharanidharanss,,273,
INBANL-PC0EAQF5,https://lpcdn.lpsnmedia.net/le_secure_storage/3.3.0.2-release_294/storage.secure.min.html?loc=http%3A%2F%2Fwww.prnewswire.com&site=38202710&env=prod,,10/8/2017 11:17,1,,,Internet Explorer 10/11 / Edge,dharanidharanss,,148,
INBANL-PC0EAQF5,https://messenger.gotomeeting.com/,,10/9/2017 9:56,1,,,Internet Explorer 10/11 / Edge,dharanidharanss,,34,
INBANL-PC0EAQF5,https://messenger.gotomeeting.com/appcache/manifest.html,,10/9/2017 9:56,1,,,Internet Explorer 10/11 / Edge,dharanidharanss,,56,
INBANL-PC0EAQF5,https://platform.twitter.com/widgets/twitter_cookies.html?namespace=twttr%3Acookies&origin=http%3A%2F%2Fblogs.gartner.com,,10/9/2017 10:36,2,,,Internet Explorer 10/11 / Edge,dharanidharanss,,121,
INBANL-PC0EAQF5,https://platform.twitter.com/widgets/twitter_cookies.html?namespace=twttr%3Acookies&origin=http%3A%2F%2Fwww.prnewswire.com,,10/8/2017 11:17,1,,,Internet Explorer 10/11 / Edge,dharanidharanss,,122,
INBANL-PC0EAQF5,https://staticxx.facebook.com/connect/xd_arbiter/r/Z2duorNoYeF.js?version=42,,10/9/2017 10:36,3,,,Internet Explorer 10/11 / Edge,dharanidharanss,,76,
INBANL-PC0EAQF5,https://store.office.com/gyro/client?client=Win32_Outlook&cv=16.0.7766.6539&rs=en-us&ui=en-US&clientsessionid={0CD34264-01A4-4272-A018-268E1C41994D}&gates=Marketplace.Outlook.NewApi.Ui&timestamp=1507533040193&corr={DD401BBD-4BB6-4E41-97D6-C27654CA7DC0}&privateenabled=true&connectors=true&fb=0&p=0&t=0&a=1&env_setting=%7B%22IsAppCommandEnabled%22%3Afalse%7D,,10/9/2017 12:40,2,,,Internet Explorer 10/11 / Edge,dharanidharanss,,357,
INBANL-PC0EAQF5,https://urldefense.proofpoint.com/v2/url?u=https-3A__app2.clarizen.com_Clarizen_ObjectDetails_Index_8.8230183745.23734337_&d=DwMGaQ&c=k6LEwkJiSX1kJxtgPu1uYQ&r=T0Zkt_eIoYXFpHyYoKOF8cnCRr6syUzKx1LGR3qVg0U&m=MzIZdvhohgY8qf59dBa3C_RWbrna90s3CL9fnfQ3PB8&s=xEUlNVNVFU8p9R5x8zuwjhFCuMrg0KUUFRKnGe5j1cI&e=,,10/3/2017 13:09,3,,,Internet Explorer 10/11 / Edge,dharanidharanss,,297,
INBANL-PC0EAQF5,https://urldefense.proofpoint.com/v2/url?u=https-3A__drive.google.com_drive_folders_0B7dCBKJB-2D7qJMEx4T2Z3RWNGaFU-3Fusp-3Dsharing-5Feip-26ts-3D59dc2b9b&d=DwMFaQ&c=k6LEwkJiSX1kJxtgPu1uYQ&r=T0Zkt_eIoYXFpHyYoKOF8cnCRr6syUzKx1LGR3qVg0U&m=hBe8U44iGW5fpcOpK975KVLyQhkMk_MihgbcV8moidM&s=J2kWLGLgd40xazaNdfUwqDCH5yIpnl32pupiKJsX01g&e=,,10/10/2017 9:26,5,,,Internet Explorer 10/11 / Edge,dharanidharanss,,327,
INBANL-PC0EAQF5,https://www.clarizen.com/login-pages/v6-generic_NEW.php?lang=en-us&%3fReturnUrl%3d%2fClarizen%2fObjectDetails%2fIndex%2f8.8230183745.23734337%2f,,10/3/2017 13:09,1,,,Internet Explorer 10/11 / Edge,dharanidharanss,,144,
INBANL-PC0EAQF5,https://www.facebook.com/connect/ping?client_id=1437737463153499&domain=www.prnewswire.com&origin=1&redirect_uri=http%3A%2F%2Fstaticxx.facebook.com%2Fconnect%2Fxd_arbiter%2Fr%2FZ2duorNoYeF.js%3Fversion%3D42%23cb%3Df2016eb4665fbb8%26domain%3Dwww.prnewswire.com%26origin%3Dhttp%253A%252F%252Fwww.prnewswire.com%252Ffe2c9f352ec57%26relation%3Dparent&response_type=token%2Csigned_request%2Ccode&sdk=joey,,10/8/2017 11:17,1,,,Internet Explorer 10/11 / Edge,dharanidharanss,,399,
INBANL-PC0EAQF5,https://www.facebook.com/plugins/like.php?app_id=&channel=http%3A%2F%2Fstaticxx.facebook.com%2Fconnect%2Fxd_arbiter%2Fr%2FZ2duorNoYeF.js%3Fversion%3D42%23cb%3Df244d9752aa525c%26domain%3Dblogs.gartner.com%26origin%3Dhttp%253A%252F%252Fblogs.gartner.com%252Ff32d1cd483ff11%26relation%3Dparent.parent&container_width=87&font=arial&href=http%3A%2F%2Fblogs.gartner.com%2Favivah-litan%2F2017%2F03%2F15%2Fmorphing-edr-market-grows-to-1-5-billion-in-2020%2F&layout=button_count&locale=en_US&sdk=joey&send=false&show_faces=true&width=450,,10/8/2017 11:17,1,,,Internet Explorer 10/11 / Edge,dharanidharanss,,528,
INBANL-PC0EAQF5,https://www.facebook.com/plugins/like.php?app_id=&channel=http%3A%2F%2Fstaticxx.facebook.com%2Fconnect%2Fxd_arbiter%2Fr%2FZ2duorNoYeF.js%3Fversion%3D42%23cb%3Df35105e5c47af9%26domain%3Dblogs.gartner.com%26origin%3Dhttp%253A%252F%252Fblogs.gartner.com%252Ff180e21180c24bc%26relation%3Dparent.parent&container_width=87&font=arial&href=http%3A%2F%2Fblogs.gartner.com%2Favivah-litan%2F2017%2F03%2F15%2Fmorphing-edr-market-grows-to-1-5-billion-in-2020%2F&layout=button_count&locale=en_US&sdk=joey&send=false&show_faces=true&width=450,,10/9/2017 10:36,1,,,Internet Explorer 10/11 / Edge,dharanidharanss,,528,
INBANL-PC0EAQF5,https://www.facebook.com/tr/,,10/8/2017 11:17,12,,,Internet Explorer 10/11 / Edge,dharanidharanss,,28,
INBANL-PC0EAQF5,https://www.gartner.com/login/loginInitAction.do?method=initialize&TARGET=http%253A%252F%252Fwww.gartner.com%252Fdocument%252F3628517%253Fref%253DsolrAll%2526refval%253D181798985%2526qid%253D8ef20f2c0171ee5a70dd9f5058fe55bf,,10/9/2017 12:03,46,,,Internet Explorer 10/11 / Edge,dharanidharanss,,223,
INBANL-PC0EAQF5,https://www.gartner.com/login/loginInitAction.do?method=initialize&TARGET=http%253A%252F%252Fwww.gartner.com%252Fdocument%252F3628517%253Fref%253DsolrAll%2526refval%253D181798985%2526qid%253D8ef20f2c0171ee5a70dd9f5058fe55bf,,10/9/2017 12:03,1,,,Internet Explorer 10/11 / Edge,dharanidharanss,,223,
INBANL-PC0EAQF5,https://www.gototraining.com/,,10/4/2017 9:34,5,,,Internet Explorer 10/11 / Edge,dharanidharanss,,29,
INBANL-PC0EAQF5,https://www.microsoft.com/,,10/4/2017 17:08,14,,,Internet Explorer 10/11 / Edge,dharanidharanss,,26,
INBANL-PC0EAQF5,https://www.microsoft.com/,,10/4/2017 17:08,2,,,Internet Explorer 10/11 / Edge,dharanidharanss,,26,
INBANL-PC0EAQF5,https://www.microsoft.com/en-au/,,10/4/2017 17:08,13,,,Internet Explorer 10/11 / Edge,dharanidharanss,,32,
INBANL-PC0EAQF5,https://www.microsoft.com/en-au/,,10/4/2017 17:08,26,,,Internet Explorer 10/11 / Edge,dharanidharanss,,32,
INBANL-PC0EAQF5,https://www.microsoft.com/en-in/,,10/2/2017 19:09,15,,,Internet Explorer 10/11 / Edge,dharanidharanss,,32,
INBANL-PC0EAQF5,https://www.microsoft.com/en-in/,,10/2/2017 19:09,14,,,Internet Explorer 10/11 / Edge,dharanidharanss,,32,
INBANL-PC0EAQF5,https://www.microsoft.com/en-in/mscomhp/onerf/MeSilentPassport,,10/2/2017 19:09,2,,,Internet Explorer 10/11 / Edge,dharanidharanss,,62,
INBANL-PC0EAQF5,javascript:__doPostBack('verificationOption0'),,10/3/2017 10:34,2,,,Internet Explorer 10/11 / Edge,dharanidharanss,,46,
INBANL-PC0EAQF5,javascript:false,,10/2/2017 19:09,5,,,Internet Explorer 10/11 / Edge,dharanidharanss,,16,
INBANL-PC0EAQF5,javascript:false,,10/8/2017 11:17,47,,,Internet Explorer 10/11 / Edge,dharanidharanss,,16,
INBANL-PC0EAQF5,mk:@MSITStore:C:\Users\dharanidharanss\Desktop\recentfilesview\RecentFilesView.chm::/RecentFilesView.html,,10/10/2017 9:52,1,,,Internet Explorer 10/11 / Edge,dharanidharanss,,98,
INBANL-PC0EAQF5,ms-appx-web:///assets/errorpages/forbidframingedge.htm,,10/8/2017 8:50,18,,,Internet Explorer 10/11 / Edge,dharanidharanss,,54,
INBANL-PC0EAQF5,ms-appx-web://microsoft.microsoftedge/assets/errorpages/dnserror.html,,10/10/2017 10:32,22,,,Internet Explorer 10/11 / Edge,dharanidharanss,,69,
INBANL-PC0EAQF5,res://G2MResource_en.dll/html_empty_chat_doc_2014.htm,,10/9/2017 9:57,162,,,Internet Explorer 10/11 / Edge,dharanidharanss,,53,
INBANL-PC0EAQF5,slack://channel/?id=D3ZATHMCL&message=1506951336.000081&team=T024F7F15,,10/2/2017 19:05,1,,,Internet Explorer 10/11 / Edge,dharanidharanss,,70,
INBANL-PC0EAQF5,slack://channel/?id=D3ZATHMCL&message=1506951841.000268&team=T024F7F15,,10/2/2017 19:14,1,,,Internet Explorer 10/11 / Edge,dharanidharanss,,70,
INBANL-PC0EAQF5,slack://channel/?id=D3ZATHMCL&message=1506956860.000483&team=T024F7F15,,10/2/2017 20:37,1,,,Internet Explorer 10/11 / Edge,dharanidharanss,,70,
INBANL-PC0EAQF5,slack://channel/?id=D3ZATHMCL&message=1506956943.000249&team=T024F7F15,,10/2/2017 20:39,1,,,Internet Explorer 10/11 / Edge,dharanidharanss,,70,
INBANL-PC0EAQF5,slack://channel/?id=D3ZATHMCL&message=1506957336.000529&team=T024F7F15,,10/2/2017 20:45,1,,,Internet Explorer 10/11 / Edge,dharanidharanss,,70,
INBANL-PC0EAQF5,slack://channel/?id=D3ZATHMCL&message=1507006683.000023&team=T024F7F15,,10/3/2017 10:28,1,,,Internet Explorer 10/11 / Edge,dharanidharanss,,70,
INBANL-PC0EAQF5,slack://channel/?id=D3ZATHMCL&message=1507006916.000087&team=T024F7F15,,10/3/2017 10:32,1,,,Internet Explorer 10/11 / Edge,dharanidharanss,,70,
INBANL-PC0EAQF5,slack://channel/?id=D3ZATHMCL&message=1507010358.000091&team=T024F7F15,,10/3/2017 11:29,1,,,Internet Explorer 10/11 / Edge,dharanidharanss,,70,
INBANL-PC0EAQF5,slack://channel/?id=D3ZATHMCL&message=1507089905.000056&team=T024F7F15,,10/4/2017 9:35,1,,,Internet Explorer 10/11 / Edge,dharanidharanss,,70,
INBANL-PC0EAQF5,slack://channel/?id=D3ZATHMCL&message=1507090168.000135&team=T024F7F15,,10/4/2017 9:39,1,,,Internet Explorer 10/11 / Edge,dharanidharanss,,70,
INBANL-PC0EAQF5,slack://channel/?id=D3ZATHMCL&message=1507217050.000075&team=T024F7F15,,10/5/2017 20:54,1,,,Internet Explorer 10/11 / Edge,dharanidharanss,,70,
INBANL-PC0EAQF5,slack://channel/?id=D3ZATHMCL&message=1507217052.000660&team=T024F7F15,,10/5/2017 20:54,1,,,Internet Explorer 10/11 / Edge,dharanidharanss,,70,
INBANL-PC0EAQF5,slack://channel/?id=D3ZATHMCL&message=1507526774.000055&team=T024F7F15,,10/9/2017 10:56,1,,,Internet Explorer 10/11 / Edge,dharanidharanss,,70,
INBANL-PC0EAQF5,slack://channel/?id=D40H1NBNH&message=1507108991.000454&team=T024F7F15,,10/4/2017 14:53,1,,,Internet Explorer 10/11 / Edge,dharanidharanss,,70,
INBANL-PC0EAQF5,slack://channel/?id=D40H1NBNH&message=1507210114.000633&team=T024F7F15,,10/5/2017 18:58,1,,,Internet Explorer 10/11 / Edge,dharanidharanss,,70,
INBANL-PC0EAQF5,slack://channel/?id=D40H1NBNH&message=1507210236.000451&team=T024F7F15,,10/5/2017 19:00,1,,,Internet Explorer 10/11 / Edge,dharanidharanss,,70,
INBANL-PC0EAQF5,slack://channel/?id=D44BBQ2RE&message=1507613441.000053&team=T024F7F15,,10/10/2017 11:00,1,,,Internet Explorer 10/11 / Edge,dharanidharanss,,70,
INBANL-PC0EAQF5,slack://channel/?id=D4SHFLR7C&message=1506951965.000550&team=T024F7F15,,10/2/2017 19:16,1,,,Internet Explorer 10/11 / Edge,dharanidharanss,,70,
INBANL-PC0EAQF5,slack://channel/?id=D4SHFLR7C&message=1506952067.000534&team=T024F7F15,,10/2/2017 19:17,1,,,Internet Explorer 10/11 / Edge,dharanidharanss,,70,
INBANL-PC0EAQF5,slack://channel/?id=D4SHFLR7C&message=1506953018.000280&team=T024F7F15,,10/2/2017 19:33,1,,,Internet Explorer 10/11 / Edge,dharanidharanss,,70,
INBANL-PC0EAQF5,slack://channel/?id=D53C01N7K&message=1507282109.000134&team=T024F7F15,,10/6/2017 14:58,1,,,Internet Explorer 10/11 / Edge,dharanidharanss,,70,
INBANL-PC0EAQF5,slack://channel/?id=D6VJ2AZ6K&message=1507278039.000183&team=T024F7F15,,10/6/2017 13:50,1,,,Internet Explorer 10/11 / Edge,dharanidharanss,,70,
INBANL-PC0EAQF5,slack://channel/?id=D6VJ2AZ6K&message=1507278185.000107&team=T024F7F15,,10/6/2017 13:53,1,,,Internet Explorer 10/11 / Edge,dharanidharanss,,70,
INBANL-PC0EAQF5,slack://channel/?id=D74PKU8MP&message=1507289580.000182&team=T024F7F15,,10/6/2017 17:03,1,,,Internet Explorer 10/11 / Edge,dharanidharanss,,70,
INBANL-PC0EAQF5,slack://channel/?id=D755V6G5N&message=1507529866.000086&team=T024F7F15,,10/9/2017 11:47,1,,,Internet Explorer 10/11 / Edge,dharanidharanss,,70,
INBANL-PC0EAQF5,slack://channel/?id=D755V6G5N&message=1507531162.000096&team=T024F7F15,,10/9/2017 12:09,1,,,Internet Explorer 10/11 / Edge,dharanidharanss,,70,
INBANL-PC0EAQF5,slack://channel/?id=G60AMCC7P&message=1507216922.000478&team=T024F7F15,,10/5/2017 20:52,1,,,Internet Explorer 10/11 / Edge,dharanidharanss,,70,
